23:34:39.524 , 0,0,0,  0.00,0.00,0.00,0.00,0.00,2910.00,0.00,0.00,0.00,
23:34:39.524 , 0,0,0,  0.00,0.00,0.00,0.00,0.00,2907.00,0.00,0.00,0.00,
23:34:39.524 , 0,0,0,  0.00,0.00,0.00,0.00,0.00,2912.00,0.00,0.00,0.00,
23:34:39.524 , 0,0,0,  0.00,0.00,0.00,0.00,0.00,2910.00,0.00,0.00,0.00,
23:34:39.524 , 0,0,0,  0.00,0.00,0.00,0.00,0.00,2917.00,0.00,0.00,0.00,
23:34:39.524 , 0,0,0,  0.00,0.00,0.00,0.00,0.00,2918.00,0.00,0.00,0.00,
23:34:39.524 , 0,0,0,  0.00,0.00,0.00,0.00,0.00,2917.00,0.00,0.00,0.00,
23:34:39.524 , 0,0,0,  0.00,0.00,0.00,0.00,0.00,2915.00,0.00,0.00,0.00,
23:34:39.571 , 0,0,0,  0.00,0.00,0.00,0.00,0.00,2916.00,0.00,0.00,0.00,
23:34:39.571 , 0,0,0,  0.00,0.00,0.00,0.00,0.00,2914.00,0.00,0.00,0.00,
23:34:39.571 , 0,0,0,  0.00,0.00,0.00,0.00,0.00,2906.00,0.00,0.00,0.00,
23:34:39.571 , 0,0,0,  0.00,0.00,0.00,0.00,0.00,2913.00,0.00,0.00,0.00,
23:34:39.571 , 0,0,0,  0.00,0.00,0.00,0.00,0.00,2910.00,0.00,0.00,0.00,
23:34:39.571 , 0,0,0,  0.00,0.00,0.00,0.00,0.00,2910.00,0.00,0.00,0.00,
23:34:39.571 , 0,0,0,  0.00,0.00,0.00,0.00,0.00,2911.00,0.00,0.00,0.00,
23:34:39.571 , 0,0,0,  0.00,0.00,0.00,0.00,0.00,2913.00,0.00,0.00,0.00,
23:34:39.571 , 0,0,0,  0.00,0.00,0.00,0.00,0.00,2907.00,0.00,0.00,0.00,
23:34:39.571 , 0,0,0,  0.00,0.00,0.00,0.00,0.00,2909.00,0.00,0.00,0.00,
23:34:39.618 , 0,0,0,  0.00,0.00,0.00,0.00,0.00,2907.00,0.00,0.00,0.00,
23:34:39.618 , 0,0,0,  0.00,0.00,0.00,0.00,0.00,2908.00,0.00,0.00,0.00,
23:34:39.618 , 0,0,0,  0.00,0.00,0.00,0.00,0.00,2906.00,0.00,0.00,0.00,
23:34:39.618 , 0,0,0,  0.00,0.00,0.00,0.00,0.00,2908.00,0.00,0.00,0.00,
23:34:39.618 , 0,0,0,  0.00,0.00,0.00,0.00,0.00,2907.00,0.00,0.00,0.00,
23:34:39.618 , 0,0,0,  0.00,0.00,0.00,0.00,0.00,2903.00,0.00,0.00,0.00,
23:34:39.618 , 0,0,0,  0.00,0.00,0.00,0.00,0.00,2903.00,0.00,0.00,0.00,
23:34:39.618 , 0,0,0,  0.00,0.00,0.00,0.00,0.00,2903.00,0.00,0.00,0.00,
23:34:39.618 , 0,0,0,  0.00,0.00,0.00,0.00,0.00,2902.00,0.00,0.00,0.00,
23:34:39.665 , 0,0,0,  0.00,0.00,0.00,0.00,0.00,2900.00,0.00,0.00,0.00,
23:34:39.665 , 0,0,0,  0.00,0.00,0.00,0.00,0.00,2899.00,0.00,0.00,0.00,
23:34:39.665 , 0,0,0,  0.00,0.00,0.00,0.00,0.00,2901.00,0.00,0.00,0.00,
23:34:39.665 , 0,0,0,  0.00,0.00,0.00,0.00,0.00,2899.00,0.00,0.00,0.00,
23:34:39.665 , 0,0,0,  0.00,0.00,0.00,0.00,0.00,2896.00,0.00,0.00,0.00,
23:34:39.665 , 0,0,0,  0.00,0.00,0.00,0.00,0.00,2897.00,0.00,0.00,0.00,
23:34:39.665 , 0,0,0,  0.00,0.00,0.00,0.00,0.00,2896.00,0.00,0.00,0.00,
23:34:39.665 , 0,0,0,  0.00,0.00,0.00,0.00,0.00,2896.00,0.00,0.00,0.00,
23:34:39.665 , 0,0,0,  0.00,0.00,0.00,0.00,0.00,2894.00,0.00,0.00,0.00,
23:34:39.712 , 0,0,0,  0.00,0.00,0.00,0.00,0.00,2893.00,0.00,0.00,0.00,
23:34:39.712 , 0,0,0,  0.00,0.00,0.00,0.00,0.00,2890.00,0.00,0.00,0.00,
23:34:39.712 , 0,0,0,  0.00,0.00,0.00,0.00,0.00,2891.00,0.00,0.00,0.00,
23:34:39.712 , 0,0,0,  0.00,0.00,0.00,0.00,0.00,2887.00,0.00,0.00,0.00,
23:34:39.712 , 0,0,0,  0.00,0.00,0.00,0.00,0.00,2887.00,0.00,0.00,0.00,
23:34:39.712 , 0,0,0,  0.00,0.00,0.00,0.00,0.00,2887.00,0.00,0.00,0.00,
23:34:39.712 , 0,0,0,  0.00,0.00,0.00,0.00,0.00,2883.00,0.00,0.00,0.00,
23:34:39.712 , 0,0,0,  0.00,0.00,0.00,0.00,0.00,2883.00,0.00,0.00,0.00,
23:34:39.712 , 0,0,0,  0.00,0.00,0.00,0.00,0.00,2882.00,0.00,0.00,0.00,
23:34:39.712 , 0,0,0,  0.00,0.00,0.00,0.00,0.00,2881.00,0.00,0.00,0.00,
23:34:39.759 , 0,0,0,  0.00,0.00,0.00,0.00,0.00,2878.00,0.00,0.00,0.00,
23:34:39.759 , 0,0,0,  0.00,0.00,0.00,0.00,0.00,2880.00,0.00,0.00,0.00,
23:34:39.759 , 0,0,0,  0.00,0.00,0.00,0.00,0.00,2880.00,0.00,0.00,0.00,
23:34:39.759 , 0,0,0,  0.00,0.00,0.00,0.00,0.00,2879.00,0.00,0.00,0.00,
23:34:39.759 , 0,0,0,  0.00,0.00,0.00,0.00,0.00,2877.00,0.00,0.00,0.00,
23:34:39.759 , 0,0,0,  0.00,0.00,0.00,0.00,0.00,2878.00,0.00,0.00,0.00,
23:34:39.759 , 0,0,0,  0.00,0.00,0.00,0.00,0.00,2878.00,0.00,0.00,0.00,
23:34:39.759 , 0,0,0,  0.00,0.00,0.00,0.00,0.00,2877.00,0.00,0.00,0.00,
23:34:39.759 , 0,0,0,  0.00,0.00,0.00,0.00,0.00,2873.00,0.00,0.00,0.00,
23:34:39.806 , 0,0,0,  0.00,0.00,0.00,0.00,0.00,2877.00,0.00,0.00,0.00,
23:34:39.806 , 0,0,0,  0.00,0.00,0.00,0.00,0.00,2875.00,0.00,0.00,0.00,
23:34:39.806 , 0,0,0,  0.00,0.00,0.00,0.00,0.00,2873.00,0.00,0.00,0.00,
23:34:39.806 , 0,0,0,  0.00,0.00,0.00,0.00,0.00,2875.00,0.00,0.00,0.00,
23:34:39.806 , 0,0,0,  0.00,0.00,0.00,0.00,0.00,2874.00,0.00,0.00,0.00,
23:34:39.806 , 0,0,0,  0.00,0.00,0.00,0.00,0.00,2875.00,0.00,0.00,0.00,
23:34:39.806 , 0,0,0,  0.00,0.00,0.00,0.00,0.00,2873.00,0.00,0.00,0.00,
23:34:39.806 , 0,0,0,  0.00,0.00,0.00,0.00,0.00,2867.00,0.00,0.00,0.00,
23:34:39.806 , 0,0,0,  0.00,0.00,0.00,0.00,0.00,2871.00,0.00,0.00,0.00,
23:34:39.853 , 0,0,0,  0.00,0.00,0.00,0.00,0.00,2873.00,0.00,0.00,0.00,
23:34:39.853 , 0,0,0,  0.00,0.00,0.00,0.00,0.00,2869.00,0.00,0.00,0.00,
23:34:39.853 , 0,0,0,  0.00,0.00,0.00,0.00,0.00,2869.00,0.00,0.00,0.00,
23:34:39.853 , 0,0,0,  0.00,0.00,0.00,0.00,0.00,2874.00,0.00,0.00,0.00,
23:34:39.853 , 0,0,0,  0.00,0.00,0.00,0.00,0.00,2869.00,0.00,0.00,0.00,
23:34:39.853 , 0,0,0,  0.00,0.00,0.00,0.00,0.00,2870.00,0.00,0.00,0.00,
23:34:39.853 , 0,0,0,  0.00,0.00,0.00,0.00,0.00,2871.00,0.00,0.00,0.00,
23:34:39.853 , 0,0,0,  0.00,0.00,0.00,0.00,0.00,2871.00,0.00,0.00,0.00,
23:34:39.853 , 0,0,0,  0.00,0.00,0.00,0.00,0.00,2875.00,0.00,0.00,0.00,
23:34:39.853 , 0,0,0,  0.00,0.00,0.00,0.00,0.00,2870.00,0.00,0.00,0.00,
23:34:39.900 , 0,0,0,  0.00,0.00,0.00,0.00,0.00,2869.00,0.00,0.00,0.00,
23:34:39.900 , 0,0,0,  0.00,0.00,0.00,0.00,0.00,2873.00,0.00,0.00,0.00,
23:34:39.900 , 0,0,0,  0.00,0.00,0.00,0.00,0.00,2871.00,0.00,0.00,0.00,
23:34:39.900 , 0,0,0,  0.00,0.00,0.00,0.00,0.00,2871.00,0.00,0.00,0.00,
23:34:39.900 , 0,0,0,  0.00,0.00,0.00,0.00,0.00,2874.00,0.00,0.00,0.00,
23:34:39.900 , 0,0,0,  0.00,0.00,0.00,0.00,0.00,2871.00,0.00,0.00,0.00,
23:34:39.900 , 0,0,0,  0.00,0.00,0.00,0.00,0.00,2869.00,0.00,0.00,0.00,
23:34:39.900 , 0,0,0,  0.00,0.00,0.00,0.00,0.00,2871.00,0.00,0.00,0.00,
23:34:39.900 , 0,0,0,  0.00,0.00,0.00,0.00,0.00,2870.00,0.00,0.00,0.00,
23:34:39.947 , 0,0,0,  0.00,0.00,0.00,0.00,0.00,2868.00,0.00,0.00,0.00,
23:34:39.947 , 0,0,0,  0.00,0.00,0.00,0.00,0.00,2866.00,0.00,0.00,0.00,
23:34:39.947 , 0,0,0,  0.00,0.00,0.00,0.00,0.00,2867.00,0.00,0.00,0.00,
23:34:39.947 , 0,0,0,  0.00,0.00,0.00,0.00,0.00,2867.00,0.00,0.00,0.00,
23:34:39.947 , 0,0,0,  0.00,0.00,0.00,0.00,0.00,2858.00,0.00,0.00,0.00,
23:34:39.947 , 0,0,0,  0.00,0.00,0.00,0.00,0.00,2864.00,0.00,0.00,0.00,
23:34:39.947 , 0,0,0,  0.00,0.00,9.00,0.00,0.00,2864.00,0.00,0.00,0.00,
23:34:39.947 , 0,0,0,  0.00,0.00,15.00,0.00,0.00,2864.00,0.00,0.00,0.00,
23:34:39.947 , 0,0,0,  0.00,0.00,24.00,0.00,0.00,2864.00,0.00,0.00,0.00,
23:34:39.994 , 0,0,0,  0.00,0.00,37.00,0.00,0.00,2863.00,0.00,0.00,0.00,
23:34:39.994 , 0,0,0,  0.00,0.00,44.00,0.00,0.00,2864.00,0.00,0.00,0.00,
23:34:39.994 , 0,0,0,  0.00,0.00,48.00,0.00,0.00,2862.00,0.00,0.00,0.00,
23:34:39.994 , 0,0,0,  0.00,0.00,51.00,0.00,0.00,2863.00,0.00,0.00,0.00,
23:34:39.994 , 0,0,0,  0.00,0.00,55.00,0.00,0.00,2862.00,0.00,0.00,0.00,
23:34:39.994 , 0,0,0,  0.00,0.00,54.00,0.00,0.00,2863.00,0.00,0.00,0.00,
23:34:39.994 , 0,0,0,  0.00,0.00,54.00,0.00,0.00,2863.00,0.00,0.00,0.00,
23:34:39.994 , 0,0,0,  0.00,0.00,51.00,0.00,0.00,2864.00,0.00,0.00,0.00,
23:34:39.994 , 0,0,0,  0.00,0.00,63.00,0.00,0.00,2865.00,0.00,0.00,0.00,
23:34:39.994 , 0,0,0,  0.00,0.00,50.00,0.00,0.00,2864.00,0.00,0.00,0.00,
23:34:40.042 , 0,0,0,  0.00,0.00,48.00,0.00,0.00,2864.00,0.00,0.00,0.00,
23:34:40.042 , 0,0,0,  0.00,0.00,42.00,0.00,0.00,2865.00,0.00,0.00,0.00,
23:34:40.042 , 0,0,0,  0.00,0.00,38.00,0.00,0.00,2864.00,0.00,0.00,0.00,
23:34:40.042 , 0,0,0,  0.00,0.00,34.00,0.00,0.00,2864.00,0.00,0.00,0.00,
23:34:40.042 , 0,0,0,  0.00,0.00,29.00,0.00,0.00,2866.00,0.00,0.00,0.00,
23:34:40.042 , 0,0,0,  0.00,0.00,24.00,0.00,0.00,2865.00,0.00,0.00,0.00,
23:34:40.042 , 0,0,0,  0.00,0.00,18.00,0.00,0.00,2869.00,0.00,0.00,0.00,
23:34:40.042 , 0,0,0,  0.00,0.00,16.00,0.00,0.00,2869.00,0.00,0.00,0.00,
23:34:40.042 , 0,0,0,  0.00,0.00,6.00,0.00,0.00,2870.00,0.00,0.00,0.00,
23:34:40.090 , 0,0,0,  0.00,0.00,2.00,0.00,0.00,2869.00,0.00,0.00,0.00,
23:34:40.090 , 0,0,0,  0.00,0.00,0.00,0.00,0.00,2871.00,0.00,0.00,0.00,
23:34:40.090 , 0,0,0,  0.00,0.00,0.00,0.00,0.00,2869.00,0.00,0.00,0.00,
23:34:40.090 , 0,0,0,  0.00,0.00,0.00,0.00,0.00,2872.00,0.00,0.00,0.00,
23:34:40.090 , 0,0,0,  0.00,0.00,0.00,0.00,0.00,2873.00,0.00,0.00,0.00,
23:34:40.090 , 0,0,0,  0.00,0.00,0.00,0.00,0.00,2873.00,0.00,0.00,0.00,
23:34:40.090 , 0,0,0,  0.00,0.00,0.00,0.00,0.00,2873.00,0.00,0.00,0.00,
23:34:40.090 , 0,0,0,  0.00,0.00,0.00,0.00,0.00,2876.00,0.00,0.00,0.00,
23:34:40.090 , 0,0,0,  0.00,0.00,0.00,0.00,0.00,2875.00,0.00,0.00,0.00,
23:34:40.090 , 0,0,0,  0.00,0.00,0.00,0.00,0.00,2873.00,0.00,0.00,0.00,
23:34:40.137 , 0,0,0,  0.00,0.00,0.00,0.00,0.00,2873.00,0.00,0.00,0.00,
23:34:40.137 , 0,0,0,  0.00,0.00,0.00,0.00,0.00,2877.00,0.00,0.00,0.00,
23:34:40.137 , 0,0,0,  0.00,0.00,0.00,0.00,0.00,2875.00,0.00,0.00,0.00,
23:34:40.137 , 0,0,0,  0.00,0.00,1.00,0.00,0.00,2874.00,0.00,0.00,0.00,
23:34:40.137 , 0,0,0,  0.00,0.00,7.00,0.00,0.00,2874.00,0.00,0.00,0.00,
23:34:40.137 , 0,0,0,  0.00,0.00,15.00,0.00,0.00,2869.00,0.00,0.00,0.00,
23:34:40.137 , 0,0,0,  0.00,0.00,23.00,0.00,0.00,2878.00,0.00,0.00,0.00,
23:34:40.137 , 0,0,0,  0.00,0.00,34.00,0.00,0.00,2868.00,0.00,0.00,0.00,
23:34:40.137 , 0,0,0,  0.00,0.00,47.00,0.00,0.00,2867.00,0.00,0.00,0.00,
23:34:40.184 , 0,0,0,  0.00,0.00,59.00,0.00,0.00,2867.00,0.00,0.00,0.00,
23:34:40.184 , 0,0,0,  0.00,0.00,80.00,0.00,0.00,2867.00,0.00,0.00,0.00,
23:34:40.184 , 0,0,0,  0.00,0.00,85.00,0.00,0.00,2867.00,0.00,0.00,0.00,
23:34:40.184 , 0,0,0,  0.00,0.00,98.00,0.00,0.00,2867.00,0.00,0.00,0.00,
23:34:40.184 , 0,0,0,  0.00,0.00,112.00,0.00,0.00,2864.00,0.00,0.00,0.00,
23:34:40.184 , 0,0,0,  0.00,0.00,121.00,0.00,0.00,2864.00,0.00,0.00,0.00,
23:34:40.184 , 0,0,0,  0.00,0.00,129.00,0.00,0.00,2864.00,0.00,0.00,0.00,
23:34:40.184 , 0,0,0,  0.00,0.00,135.00,0.00,0.00,2863.00,0.00,0.00,0.00,
23:34:40.184 , 0,0,0,  0.00,0.00,144.00,0.00,0.00,2864.00,0.00,0.00,0.00,
23:34:40.231 , 0,0,0,  0.00,0.00,145.00,0.00,0.00,2864.00,0.00,0.00,0.00,
23:34:40.231 , 0,0,0,  0.00,0.00,149.00,0.00,0.00,2864.00,0.00,0.00,0.00,
23:34:40.231 , 0,0,0,  0.00,0.00,157.00,0.00,0.00,2864.00,0.00,0.00,0.00,
23:34:40.231 , 0,0,0,  0.00,0.00,171.00,0.00,0.00,2864.00,0.00,0.00,0.00,
23:34:40.231 , 0,0,0,  0.00,0.00,169.00,0.00,0.00,2864.00,0.00,0.00,0.00,
23:34:40.231 , 0,0,0,  0.00,0.00,176.00,0.00,0.00,2862.00,0.00,0.00,0.00,
23:34:40.231 , 0,0,0,  0.00,0.00,183.00,0.00,0.00,2863.00,0.00,0.00,0.00,
23:34:40.231 , 0,0,0,  0.00,0.00,186.00,0.00,0.00,2863.00,0.00,0.00,0.00,
23:34:40.231 , 0,0,0,  0.00,0.00,193.00,0.00,0.00,2863.00,0.00,0.00,0.00,
23:34:40.278 , 0,0,0,  0.00,0.00,199.00,0.00,0.00,2863.00,0.00,0.00,0.00,
23:34:40.278 , 0,0,0,  0.00,0.00,200.00,0.00,0.00,2860.00,0.00,0.00,0.00,
23:34:40.278 , 0,0,0,  0.00,0.00,207.00,0.00,0.00,2861.00,0.00,0.00,0.00,
23:34:40.278 , 0,0,0,  0.00,0.00,208.00,0.00,0.00,2863.00,0.00,0.00,0.00,
23:34:40.278 , 0,0,0,  0.00,0.00,208.00,0.00,0.00,2863.00,0.00,0.00,0.00,
23:34:40.278 , 0,0,0,  0.00,0.00,208.00,0.00,0.00,2859.00,0.00,0.00,0.00,
23:34:40.278 , 0,0,0,  0.00,0.00,212.00,0.00,0.00,2861.00,0.00,0.00,0.00,
23:34:40.278 , 0,0,0,  0.00,0.00,212.00,0.00,0.00,2863.00,0.00,0.00,0.00,
23:34:40.278 , 0,0,0,  0.00,0.00,212.00,0.00,0.00,2861.00,0.00,0.00,0.00,
23:34:40.325 , 0,0,0,  0.00,0.00,219.00,0.00,0.00,2864.00,0.00,0.00,0.00,
23:34:40.325 , 0,0,0,  0.00,0.00,215.00,0.00,0.00,2863.00,0.00,0.00,0.00,
23:34:40.325 , 0,0,0,  0.00,0.00,214.00,0.00,0.00,2862.00,0.00,0.00,0.00,
23:34:40.325 , 0,0,0,  0.00,0.00,214.00,0.00,0.00,2862.00,0.00,0.00,0.00,
23:34:40.325 , 0,0,0,  0.00,0.00,210.00,0.00,0.00,2864.00,0.00,0.00,0.00,
23:34:40.325 , 0,0,0,  0.00,0.00,206.00,0.00,0.00,2864.00,0.00,0.00,0.00,
23:34:40.325 , 0,0,0,  0.00,0.00,198.00,0.00,0.00,2864.00,0.00,0.00,0.00,
23:34:40.325 , 0,0,0,  0.00,0.00,195.00,0.00,0.00,2864.00,0.00,0.00,0.00,
23:34:40.325 , 0,0,0,  0.00,0.00,193.00,0.00,0.00,2864.00,0.00,0.00,0.00,
23:34:40.372 , 0,0,0,  0.00,0.00,189.00,0.00,0.00,2861.00,0.00,0.00,0.00,
23:34:40.372 , 0,0,0,  0.00,0.00,187.00,0.00,0.00,2863.00,0.00,0.00,0.00,
23:34:40.372 , 0,0,0,  0.00,0.00,183.00,0.00,0.00,2863.00,0.00,0.00,0.00,
23:34:40.372 , 0,0,0,  0.00,0.00,183.00,0.00,0.00,2861.00,0.00,0.00,0.00,
23:34:40.372 , 0,0,0,  0.00,0.00,183.00,0.00,0.00,2861.00,0.00,0.00,0.00,
23:34:40.372 , 0,0,0,  0.00,0.00,183.00,0.00,0.00,2861.00,0.00,0.00,0.00,
23:34:40.372 , 0,0,0,  0.00,0.00,183.00,0.00,0.00,2858.00,0.00,0.00,0.00,
23:34:40.372 , 0,0,0,  0.00,0.00,193.00,0.00,0.00,2858.00,0.00,0.00,0.00,
23:34:40.372 , 0,0,0,  0.00,0.00,186.00,0.00,0.00,2859.00,0.00,0.00,0.00,
23:34:40.419 , 0,0,0,  0.00,0.00,188.00,0.00,0.00,2858.00,0.00,0.00,0.00,
23:34:40.419 , 0,0,0,  0.00,0.00,190.00,0.00,0.00,2855.00,0.00,0.00,0.00,
23:34:40.419 , 0,0,0,  0.00,0.00,192.00,0.00,0.00,2864.00,0.00,0.00,0.00,
23:34:40.419 , 0,0,0,  0.00,0.00,192.00,0.00,0.00,2858.00,0.00,0.00,0.00,
23:34:40.419 , 0,0,0,  0.00,0.00,192.00,0.00,0.00,2861.00,0.00,0.00,0.00,
23:34:40.419 , 0,0,0,  0.00,0.00,208.00,0.00,0.00,2862.00,0.00,0.00,0.00,
23:34:40.419 , 0,0,0,  0.00,0.00,208.00,0.00,0.00,2860.00,0.00,0.00,0.00,
23:34:40.419 , 0,0,0,  0.00,0.00,211.00,0.00,0.00,2858.00,0.00,0.00,0.00,
23:34:40.419 , 0,0,0,  0.00,0.00,215.00,0.00,0.00,2854.00,0.00,0.00,0.00,
23:34:40.467 , 0,0,0,  0.00,0.00,226.00,0.00,0.00,2858.00,0.00,0.00,0.00,
23:34:40.467 , 0,0,0,  0.00,0.00,235.00,0.00,0.00,2855.00,0.00,0.00,0.00,
23:34:40.467 , 0,0,0,  0.00,0.00,240.00,0.00,0.00,2858.00,0.00,0.00,0.00,
23:34:40.467 , 0,0,0,  0.00,0.00,248.00,0.00,0.00,2857.00,0.00,0.00,0.00,
23:34:40.467 , 0,0,0,  0.00,0.00,252.00,0.00,0.00,2855.00,0.00,0.00,0.00,
23:34:40.467 , 0,0,0,  0.00,0.00,256.00,0.00,0.00,2855.00,0.00,0.00,0.00,
23:34:40.467 , 0,0,0,  0.00,0.00,263.00,0.00,0.00,2854.00,0.00,0.00,0.00,
23:34:40.467 , 0,0,0,  0.00,0.00,268.00,0.00,0.00,2853.00,0.00,0.00,0.00,
23:34:40.467 , 0,0,0,  0.00,0.00,272.00,0.00,0.00,2853.00,0.00,0.00,0.00,
23:34:40.514 , 0,0,0,  0.00,0.00,272.00,0.00,0.00,2853.00,0.00,0.00,0.00,
23:34:40.514 , 0,0,0,  0.00,0.00,275.00,0.00,0.00,2853.00,0.00,0.00,0.00,
23:34:40.514 , 0,0,0,  0.00,0.00,276.00,0.00,0.00,2853.00,0.00,0.00,0.00,
23:34:40.514 , 0,0,0,  0.00,0.00,277.00,0.00,0.00,2853.00,0.00,0.00,0.00,
23:34:40.514 , 0,0,0,  0.00,0.00,281.00,0.00,0.00,2855.00,0.00,0.00,0.00,
23:34:40.514 , 0,0,0,  0.00,0.00,275.00,0.00,0.00,2858.00,0.00,0.00,0.00,
23:34:40.514 , 0,0,0,  0.00,0.00,272.00,0.00,0.00,2855.00,0.00,0.00,0.00,
23:34:40.514 , 0,0,0,  0.00,0.00,271.00,0.00,0.00,2852.00,0.00,0.00,0.00,
23:34:40.514 , 0,0,0,  0.00,0.00,267.00,0.00,0.00,2855.00,0.00,0.00,0.00,
23:34:40.561 , 0,0,0,  0.00,0.00,260.00,0.00,0.00,2853.00,0.00,0.00,0.00,
23:34:40.561 , 0,0,0,  0.00,0.00,262.00,0.00,0.00,2859.00,0.00,0.00,0.00,
23:34:40.561 , 0,0,0,  0.00,0.00,258.00,0.00,0.00,2855.00,0.00,0.00,0.00,
23:34:40.561 , 0,0,0,  0.00,0.00,259.00,0.00,0.00,2854.00,0.00,0.00,0.00,
23:34:40.561 , 0,0,0,  0.00,0.00,256.00,0.00,0.00,2855.00,0.00,0.00,0.00,
23:34:40.561 , 0,0,0,  0.00,0.00,259.00,0.00,0.00,2857.00,0.00,0.00,0.00,
23:34:40.561 , 0,0,0,  0.00,0.00,265.00,0.00,0.00,2854.00,0.00,0.00,0.00,
23:34:40.561 , 0,0,0,  0.00,0.00,270.00,0.00,0.00,2851.00,0.00,0.00,0.00,
23:34:40.561 , 0,0,0,  0.00,0.00,274.00,0.00,0.00,2853.00,0.00,0.00,0.00,
23:34:40.608 , 0,0,0,  0.00,0.00,275.00,0.00,0.00,2853.00,0.00,0.00,0.00,
23:34:40.608 , 0,0,0,  0.00,0.00,279.00,0.00,0.00,2852.00,0.00,0.00,0.00,
23:34:40.608 , 0,0,0,  0.00,0.00,283.00,0.00,0.00,2853.00,0.00,0.00,0.00,
23:34:40.608 , 0,0,0,  0.00,0.00,288.00,0.00,0.00,2845.00,0.00,0.00,0.00,
23:34:40.608 , 0,0,0,  0.00,0.00,302.00,0.00,0.00,2849.00,0.00,0.00,0.00,
23:34:40.608 , 0,0,0,  0.00,0.00,299.00,0.00,0.00,2849.00,0.00,0.00,0.00,
23:34:40.608 , 0,0,0,  0.00,0.00,303.00,0.00,0.00,2849.00,0.00,0.00,0.00,
23:34:40.608 , 0,0,0,  0.00,0.00,307.00,0.00,0.00,2850.00,0.00,0.00,0.00,
23:34:40.608 , 0,0,0,  0.00,0.00,314.00,0.00,0.00,2850.00,0.00,0.00,0.00,
23:34:40.655 , 0,0,0,  0.00,0.00,318.00,0.00,0.00,2849.00,0.00,0.00,0.00,
23:34:40.655 , 0,0,0,  0.00,0.00,322.00,0.00,0.00,2842.00,0.00,0.00,0.00,
23:34:40.655 , 0,0,0,  0.00,0.00,324.00,0.00,0.00,2847.00,0.00,0.00,0.00,
23:34:40.655 , 0,0,0,  0.00,0.00,327.00,0.00,0.00,2848.00,0.00,0.00,0.00,
23:34:40.655 , 0,0,0,  0.00,0.00,320.00,0.00,0.00,2853.00,0.00,0.00,0.00,
23:34:40.655 , 0,0,0,  0.00,0.00,329.00,0.00,0.00,2847.00,0.00,0.00,0.00,
23:34:40.655 , 0,0,0,  0.00,0.00,330.00,0.00,0.00,2848.00,0.00,0.00,0.00,
23:34:40.655 , 0,0,0,  0.00,0.00,336.00,0.00,0.00,2849.00,0.00,0.00,0.00,
23:34:40.655 , 0,0,0,  0.00,0.00,326.00,0.00,0.00,2849.00,0.00,0.00,0.00,
23:34:40.702 , 0,0,0,  0.00,0.00,326.00,0.00,0.00,2848.00,0.00,0.00,0.00,
23:34:40.702 , 0,0,0,  0.00,0.00,326.00,0.00,0.00,2850.00,0.00,0.00,0.00,
23:34:40.702 , 0,0,0,  0.00,0.00,324.00,0.00,0.00,2847.00,0.00,0.00,0.00,
23:34:40.702 , 0,0,0,  0.00,0.00,320.00,0.00,0.00,2849.00,0.00,0.00,0.00,
23:34:40.702 , 0,0,0,  0.00,0.00,320.00,0.00,0.00,2847.00,0.00,0.00,0.00,
23:34:40.702 , 0,0,0,  0.00,0.00,319.00,0.00,0.00,2849.00,0.00,0.00,0.00,
23:34:40.702 , 0,0,0,  0.00,0.00,317.00,0.00,0.00,2850.00,0.00,0.00,0.00,
23:34:40.702 , 0,0,0,  0.00,0.00,314.00,0.00,0.00,2849.00,0.00,0.00,0.00,
23:34:40.702 , 0,0,0,  0.00,0.00,311.00,0.00,0.00,2850.00,0.00,0.00,0.00,
23:34:40.749 , 0,0,0,  0.00,0.00,306.00,0.00,0.00,2850.00,0.00,0.00,0.00,
23:34:40.749 , 0,0,0,  0.00,0.00,312.00,0.00,0.00,2848.00,0.00,0.00,0.00,
23:34:40.749 , 0,0,0,  0.00,0.00,313.00,0.00,0.00,2850.00,0.00,0.00,0.00,
23:34:40.749 , 0,0,0,  0.00,0.00,314.00,0.00,0.00,2849.00,0.00,0.00,0.00,
23:34:40.749 , 0,0,0,  0.00,0.00,313.00,0.00,0.00,2849.00,0.00,0.00,0.00,
23:34:40.749 , 0,0,0,  0.00,0.00,317.00,0.00,0.00,2845.00,0.00,0.00,0.00,
23:34:40.749 , 0,0,0,  0.00,0.00,315.00,0.00,0.00,2849.00,0.00,0.00,0.00,
23:34:40.749 , 0,0,0,  0.00,0.00,315.00,0.00,0.00,2849.00,0.00,0.00,0.00,
23:34:40.749 , 0,0,0,  0.00,0.00,317.00,0.00,0.00,2850.00,0.00,0.00,0.00,
23:34:40.797 , 0,0,0,  0.00,0.00,320.00,0.00,0.00,2849.00,0.00,0.00,0.00,
23:34:40.797 , 0,0,0,  0.00,0.00,320.00,0.00,0.00,2846.00,0.00,0.00,0.00,
23:34:40.797 , 0,0,0,  0.00,0.00,320.00,0.00,0.00,2848.00,0.00,0.00,0.00,
23:34:40.797 , 0,0,0,  0.00,0.00,321.00,0.00,0.00,2849.00,0.00,0.00,0.00,
23:34:40.797 , 0,0,0,  0.00,0.00,327.00,0.00,0.00,2848.00,0.00,0.00,0.00,
23:34:40.797 , 0,0,0,  0.00,0.00,325.00,0.00,0.00,2850.00,0.00,0.00,0.00,
23:34:40.797 , 0,0,0,  0.00,0.00,325.00,0.00,0.00,2848.00,0.00,0.00,0.00,
23:34:40.797 , 0,0,0,  0.00,0.00,327.00,0.00,0.00,2846.00,0.00,0.00,0.00,
23:34:40.797 , 0,0,0,  0.00,0.00,327.00,0.00,0.00,2846.00,0.00,0.00,0.00,
23:34:40.797 , 0,0,0,  0.00,0.00,329.00,0.00,0.00,2847.00,0.00,0.00,0.00,
23:34:40.844 , 0,0,0,  0.00,0.00,330.00,0.00,0.00,2846.00,0.00,0.00,0.00,
23:34:40.844 , 0,0,0,  0.00,0.00,331.00,0.00,0.00,2847.00,0.00,0.00,0.00,
23:34:40.844 , 0,0,0,  0.00,0.00,335.00,0.00,0.00,2847.00,0.00,0.00,0.00,
23:34:40.844 , 0,0,0,  0.00,0.00,333.00,0.00,0.00,2846.00,0.00,0.00,0.00,
23:34:40.844 , 0,0,0,  0.00,0.00,334.00,0.00,0.00,2846.00,0.00,0.00,0.00,
23:34:40.844 , 0,0,0,  0.00,0.00,334.00,0.00,0.00,2849.00,0.00,0.00,0.00,
23:34:40.844 , 0,0,0,  0.00,0.00,336.00,0.00,0.00,2845.00,0.00,0.00,0.00,
23:34:40.844 , 0,0,0,  0.00,0.00,338.00,0.00,0.00,2847.00,0.00,0.00,0.00,
23:34:40.844 , 0,0,0,  0.00,0.00,339.00,0.00,0.00,2845.00,0.00,0.00,0.00,
23:34:40.891 , 0,0,0,  0.00,0.00,345.00,0.00,0.00,2845.00,0.00,0.00,0.00,
23:34:40.891 , 0,0,0,  0.00,0.00,342.00,0.00,0.00,2849.00,0.00,0.00,0.00,
23:34:40.891 , 0,0,0,  0.00,0.00,343.00,0.00,0.00,2846.00,0.00,0.00,0.00,
23:34:40.891 , 0,0,0,  0.00,0.00,344.00,0.00,0.00,2844.00,0.00,0.00,0.00,
23:34:40.891 , 0,0,0,  0.00,0.00,346.00,0.00,0.00,2843.00,0.00,0.00,0.00,
23:34:40.891 , 0,0,0,  0.00,0.00,350.00,0.00,0.00,2843.00,0.00,0.00,0.00,
23:34:40.891 , 0,0,0,  0.00,0.00,346.00,0.00,0.00,2845.00,0.00,0.00,0.00,
23:34:40.891 , 0,0,0,  0.00,0.00,346.00,0.00,0.00,2845.00,0.00,0.00,0.00,
23:34:40.891 , 0,0,0,  0.00,0.00,348.00,0.00,0.00,2846.00,0.00,0.00,0.00,
23:34:40.938 , 0,0,0,  0.00,0.00,347.00,0.00,0.00,2843.00,0.00,0.00,0.00,
23:34:40.938 , 0,0,0,  0.00,0.00,347.00,0.00,0.00,2846.00,0.00,0.00,0.00,
23:34:40.938 , 0,0,0,  0.00,0.00,342.00,0.00,0.00,2845.00,0.00,0.00,0.00,
23:34:40.938 , 0,0,0,  0.00,0.00,341.00,0.00,0.00,2846.00,0.00,0.00,0.00,
23:34:40.938 , 0,0,0,  0.00,0.00,336.00,0.00,0.00,2845.00,0.00,0.00,0.00,
23:34:40.938 , 0,0,0,  0.00,0.00,336.00,0.00,0.00,2846.00,0.00,0.00,0.00,
23:34:40.938 , 0,0,0,  0.00,0.00,323.00,0.00,0.00,2847.00,0.00,0.00,0.00,
23:34:40.938 , 0,0,0,  0.00,0.00,329.00,0.00,0.00,2843.00,0.00,0.00,0.00,
23:34:40.938 , 0,0,0,  0.00,0.00,325.00,0.00,0.00,2846.00,0.00,0.00,0.00,
23:34:40.985 , 0,0,0,  0.00,0.00,320.00,0.00,0.00,2847.00,0.00,0.00,0.00,
23:34:40.985 , 0,0,0,  0.00,0.00,319.00,0.00,0.00,2847.00,0.00,0.00,0.00,
23:34:40.985 , 0,0,0,  0.00,0.00,310.00,0.00,0.00,2845.00,0.00,0.00,0.00,
23:34:40.985 , 0,0,0,  0.00,0.00,304.00,0.00,0.00,2851.00,0.00,0.00,0.00,
23:34:40.985 , 0,0,0,  0.00,0.00,304.00,0.00,0.00,2846.00,0.00,0.00,0.00,
23:34:40.985 , 0,0,0,  0.00,0.00,302.00,0.00,0.00,2847.00,0.00,0.00,0.00,
23:34:40.985 , 0,0,0,  0.00,0.00,294.00,0.00,0.00,2849.00,0.00,0.00,0.00,
23:34:40.985 , 0,0,0,  0.00,0.00,291.00,0.00,0.00,2848.00,0.00,0.00,0.00,
23:34:40.985 , 0,0,0,  0.00,0.00,285.00,0.00,0.00,2847.00,0.00,0.00,0.00,
23:34:41.033 , 0,0,0,  0.00,0.00,277.00,0.00,0.00,2847.00,0.00,0.00,0.00,
23:34:41.033 , 0,0,0,  0.00,0.00,272.00,0.00,0.00,2851.00,0.00,0.00,0.00,
23:34:41.033 , 0,0,0,  0.00,0.00,272.00,0.00,0.00,2847.00,0.00,0.00,0.00,
23:34:41.033 , 0,0,0,  0.00,0.00,268.00,0.00,0.00,2847.00,0.00,0.00,0.00,
23:34:41.033 , 0,0,0,  0.00,0.00,259.00,0.00,0.00,2850.00,0.00,0.00,0.00,
23:34:41.033 , 0,0,0,  0.00,0.00,256.00,0.00,0.00,2849.00,0.00,0.00,0.00,
23:34:41.033 , 0,0,0,  0.00,0.00,244.00,0.00,0.00,2849.00,0.00,0.00,0.00,
23:34:41.033 , 0,0,0,  0.00,0.00,247.00,0.00,0.00,2849.00,0.00,0.00,0.00,
23:34:41.033 , 0,0,0,  0.00,0.00,240.00,0.00,0.00,2849.00,0.00,0.00,0.00,
23:34:41.079 , 0,0,0,  0.00,0.00,240.00,0.00,0.00,2851.00,0.00,0.00,0.00,
23:34:41.079 , 0,0,0,  0.00,0.00,234.00,0.00,0.00,2851.00,0.00,0.00,0.00,
23:34:41.079 , 0,0,0,  0.00,0.00,227.00,0.00,0.00,2850.00,0.00,0.00,0.00,
23:34:41.079 , 0,0,0,  0.00,0.00,222.00,0.00,0.00,2851.00,0.00,0.00,0.00,
23:34:41.079 , 0,0,0,  0.00,0.00,219.00,0.00,0.00,2850.00,0.00,0.00,0.00,
23:34:41.079 , 0,0,0,  0.00,0.00,212.00,0.00,0.00,2852.00,0.00,0.00,0.00,
23:34:41.079 , 0,0,0,  0.00,0.00,206.00,0.00,0.00,2850.00,0.00,0.00,0.00,
23:34:41.079 , 0,0,0,  0.00,0.00,202.00,0.00,0.00,2853.00,0.00,0.00,0.00,
23:34:41.079 , 0,0,0,  0.00,0.00,197.00,0.00,0.00,2853.00,0.00,0.00,0.00,
23:34:41.126 , 0,0,0,  0.00,0.00,192.00,0.00,0.00,2850.00,0.00,0.00,0.00,
23:34:41.126 , 0,0,0,  0.00,0.00,185.00,0.00,0.00,2854.00,0.00,0.00,0.00,
23:34:41.126 , 0,0,0,  0.00,0.00,177.00,0.00,0.00,2851.00,0.00,0.00,0.00,
23:34:41.126 , 0,0,0,  0.00,0.00,176.00,0.00,0.00,2853.00,0.00,0.00,0.00,
23:34:41.126 , 0,0,0,  0.00,0.00,176.00,0.00,0.00,2857.00,0.00,0.00,0.00,
23:34:41.126 , 0,0,0,  0.00,0.00,165.00,0.00,0.00,2852.00,0.00,0.00,0.00,
23:34:41.126 , 0,0,0,  0.00,0.00,165.00,0.00,0.00,2850.00,0.00,0.00,0.00,
23:34:41.126 , 0,0,0,  0.00,0.00,160.00,0.00,0.00,2851.00,0.00,0.00,0.00,
23:34:41.126 , 0,0,0,  0.00,0.00,166.00,0.00,0.00,2854.00,0.00,0.00,0.00,
23:34:41.173 , 0,0,0,  0.00,0.00,166.00,0.00,0.00,2854.00,0.00,0.00,0.00,
23:34:41.173 , 0,0,0,  0.00,0.00,160.00,0.00,0.00,2852.00,0.00,0.00,0.00,
23:34:41.173 , 0,0,0,  0.00,0.00,162.00,0.00,0.00,2857.00,0.00,0.00,0.00,
23:34:41.173 , 0,0,0,  0.00,0.00,162.00,0.00,0.00,2851.00,0.00,0.00,0.00,
23:34:41.173 , 0,0,0,  0.00,0.00,163.00,0.00,0.00,2852.00,0.00,0.00,0.00,
23:34:41.173 , 0,0,0,  0.00,0.00,162.00,0.00,0.00,2855.00,0.00,0.00,0.00,
23:34:41.173 , 0,0,0,  0.00,0.00,163.00,0.00,0.00,2854.00,0.00,0.00,0.00,
23:34:41.173 , 0,0,0,  0.00,0.00,162.00,0.00,0.00,2854.00,0.00,0.00,0.00,
23:34:41.173 , 0,0,0,  0.00,0.00,162.00,0.00,0.00,2851.00,0.00,0.00,0.00,
23:34:41.220 , 0,0,0,  0.00,0.00,163.00,0.00,0.00,2851.00,0.00,0.00,0.00,
23:34:41.220 , 0,0,0,  0.00,0.00,161.00,0.00,0.00,2853.00,0.00,0.00,0.00,
23:34:41.220 , 0,0,0,  0.00,0.00,160.00,0.00,0.00,2854.00,0.00,0.00,0.00,
23:34:41.220 , 0,0,0,  0.00,0.00,159.00,0.00,0.00,2849.00,0.00,0.00,0.00,
23:34:41.220 , 0,0,0,  0.00,0.00,159.00,0.00,0.00,2850.00,0.00,0.00,0.00,
23:34:41.220 , 0,0,0,  0.00,0.00,154.00,0.00,0.00,2852.00,0.00,0.00,0.00,
23:34:41.220 , 0,0,0,  0.00,0.00,152.00,0.00,0.00,2854.00,0.00,0.00,0.00,
23:34:41.220 , 0,0,0,  0.00,0.00,154.00,0.00,0.00,2855.00,0.00,0.00,0.00,
23:34:41.220 , 0,0,0,  0.00,0.00,153.00,0.00,0.00,2851.00,0.00,0.00,0.00,
23:34:41.267 , 0,0,0,  0.00,0.00,151.00,0.00,0.00,2854.00,0.00,0.00,0.00,
23:34:41.267 , 0,0,0,  0.00,0.00,153.00,0.00,0.00,2854.00,0.00,0.00,0.00,
23:34:41.267 , 0,0,0,  0.00,0.00,154.00,0.00,0.00,2853.00,0.00,0.00,0.00,
23:34:41.267 , 0,0,0,  0.00,0.00,158.00,0.00,0.00,2853.00,0.00,0.00,0.00,
23:34:41.267 , 0,0,0,  0.00,0.00,157.00,0.00,0.00,2853.00,0.00,0.00,0.00,
23:34:41.267 , 0,0,0,  0.00,0.00,157.00,0.00,0.00,2854.00,0.00,0.00,0.00,
23:34:41.267 , 0,0,0,  0.00,0.00,160.00,0.00,0.00,2854.00,0.00,0.00,0.00,
23:34:41.267 , 0,0,0,  0.00,0.00,163.00,0.00,0.00,2855.00,0.00,0.00,0.00,
23:34:41.267 , 0,0,0,  0.00,0.00,161.00,0.00,0.00,2854.00,0.00,0.00,0.00,
23:34:41.315 , 0,0,0,  0.00,0.00,165.00,0.00,0.00,2851.00,0.00,0.00,0.00,
23:34:41.315 , 0,0,0,  0.00,0.00,168.00,0.00,0.00,2857.00,0.00,0.00,0.00,
23:34:41.315 , 0,0,0,  0.00,0.00,168.00,0.00,0.00,2853.00,0.00,0.00,0.00,
23:34:41.315 , 0,0,0,  0.00,0.00,171.00,0.00,0.00,2855.00,0.00,0.00,0.00,
23:34:41.315 , 0,0,0,  0.00,0.00,179.00,0.00,0.00,2853.00,0.00,0.00,0.00,
23:34:41.315 , 0,0,0,  0.00,0.00,175.00,0.00,0.00,2851.00,0.00,0.00,0.00,
23:34:41.315 , 0,0,0,  0.00,0.00,177.00,0.00,0.00,2854.00,0.00,0.00,0.00,
23:34:41.315 , 0,0,0,  0.00,0.00,179.00,0.00,0.00,2853.00,0.00,0.00,0.00,
23:34:41.315 , 0,0,0,  0.00,0.00,182.00,0.00,0.00,2853.00,0.00,0.00,0.00,
23:34:41.362 , 0,0,0,  0.00,0.00,182.00,0.00,0.00,2850.00,0.00,0.00,0.00,
23:34:41.362 , 0,0,0,  0.00,0.00,182.00,0.00,0.00,2854.00,0.00,0.00,0.00,
23:34:41.362 , 0,0,0,  0.00,0.00,185.00,0.00,0.00,2855.00,0.00,0.00,0.00,
23:34:41.362 , 0,0,0,  0.00,0.00,186.00,0.00,0.00,2851.00,0.00,0.00,0.00,
23:34:41.362 , 0,0,0,  0.00,0.00,187.00,0.00,0.00,2851.00,0.00,0.00,0.00,
23:34:41.362 , 0,0,0,  0.00,0.00,182.00,0.00,0.00,2851.00,0.00,0.00,0.00,
23:34:41.362 , 0,0,0,  0.00,0.00,180.00,0.00,0.00,2851.00,0.00,0.00,0.00,
23:34:41.362 , 0,0,0,  0.00,0.00,187.00,0.00,0.00,2864.00,0.00,0.00,0.00,
23:34:41.362 , 0,0,0,  0.00,0.00,183.00,0.00,0.00,2854.00,0.00,0.00,0.00,
23:34:41.410 , 0,0,0,  0.00,0.00,187.00,0.00,0.00,2853.00,0.00,0.00,0.00,
23:34:41.410 , 0,0,0,  0.00,0.00,181.00,0.00,0.00,2854.00,0.00,0.00,0.00,
23:34:41.410 , 0,0,0,  0.00,0.00,181.00,0.00,0.00,2851.00,0.00,0.00,0.00,
23:34:41.410 , 0,0,0,  0.00,0.00,176.00,0.00,0.00,2854.00,0.00,0.00,0.00,
23:34:41.410 , 0,0,0,  0.00,0.00,177.00,0.00,0.00,2854.00,0.00,0.00,0.00,
23:34:41.410 , 0,0,0,  0.00,0.00,173.00,0.00,0.00,2855.00,0.00,0.00,0.00,
23:34:41.410 , 0,0,0,  0.00,0.00,166.00,0.00,0.00,2852.00,0.00,0.00,0.00,
23:34:41.410 , 0,0,0,  0.00,0.00,165.00,0.00,0.00,2854.00,0.00,0.00,0.00,
23:34:41.410 , 0,0,0,  0.00,0.00,163.00,0.00,0.00,2855.00,0.00,0.00,0.00,
23:34:41.457 , 0,0,0,  0.00,0.00,161.00,0.00,0.00,2858.00,0.00,0.00,0.00,
23:34:41.457 , 0,0,0,  0.00,0.00,160.00,0.00,0.00,2861.00,0.00,0.00,0.00,
23:34:41.457 , 0,0,0,  0.00,0.00,155.00,0.00,0.00,2858.00,0.00,0.00,0.00,
23:34:41.457 , 0,0,0,  0.00,0.00,156.00,0.00,0.00,2859.00,0.00,0.00,0.00,
23:34:41.457 , 0,0,0,  0.00,0.00,153.00,0.00,0.00,2859.00,0.00,0.00,0.00,
23:34:41.457 , 0,0,0,  0.00,0.00,151.00,0.00,0.00,2858.00,0.00,0.00,0.00,
23:34:41.457 , 0,0,0,  0.00,0.00,153.00,0.00,0.00,2857.00,0.00,0.00,0.00,
23:34:41.457 , 0,0,0,  0.00,0.00,154.00,0.00,0.00,2860.00,0.00,0.00,0.00,
23:34:41.457 , 0,0,0,  0.00,0.00,152.00,0.00,0.00,2864.00,0.00,0.00,0.00,
23:34:41.504 , 0,0,0,  0.00,0.00,153.00,0.00,0.00,2858.00,0.00,0.00,0.00,
23:34:41.504 , 0,0,0,  0.00,0.00,156.00,0.00,0.00,2862.00,0.00,0.00,0.00,
23:34:41.504 , 0,0,0,  0.00,0.00,155.00,0.00,0.00,2860.00,0.00,0.00,0.00,
23:34:41.504 , 0,0,0,  0.00,0.00,154.00,0.00,0.00,2858.00,0.00,0.00,0.00,
23:34:41.504 , 0,0,0,  0.00,0.00,158.00,0.00,0.00,2861.00,0.00,0.00,0.00,
23:34:41.504 , 0,0,0,  0.00,0.00,159.00,0.00,0.00,2863.00,0.00,0.00,0.00,
23:34:41.504 , 0,0,0,  0.00,0.00,162.00,0.00,0.00,2863.00,0.00,0.00,0.00,
23:34:41.504 , 0,0,0,  0.00,0.00,169.00,0.00,0.00,2859.00,0.00,0.00,0.00,
23:34:41.504 , 0,0,0,  0.00,0.00,163.00,0.00,0.00,2861.00,0.00,0.00,0.00,
23:34:41.551 , 0,0,0,  0.00,0.00,173.00,0.00,0.00,2863.00,0.00,0.00,0.00,
23:34:41.551 , 0,0,0,  0.00,0.00,175.00,0.00,0.00,2861.00,0.00,0.00,0.00,
23:34:41.551 , 0,0,0,  0.00,0.00,177.00,0.00,0.00,2863.00,0.00,0.00,0.00,
23:34:41.551 , 0,0,0,  0.00,0.00,182.00,0.00,0.00,2863.00,0.00,0.00,0.00,
23:34:41.551 , 0,0,0,  0.00,0.00,194.00,0.00,0.00,2862.00,0.00,0.00,0.00,
23:34:41.551 , 0,0,0,  0.00,0.00,194.00,0.00,0.00,2863.00,0.00,0.00,0.00,
23:34:41.551 , 0,0,0,  0.00,0.00,197.00,0.00,0.00,2858.00,0.00,0.00,0.00,
23:34:41.551 , 0,0,0,  0.00,0.00,204.00,0.00,0.00,2862.00,0.00,0.00,0.00,
23:34:41.551 , 0,0,0,  0.00,0.00,210.00,0.00,0.00,2860.00,0.00,0.00,0.00,
23:34:41.598 , 0,0,0,  0.00,0.00,212.00,0.00,0.00,2864.00,0.00,0.00,0.00,
23:34:41.598 , 0,0,0,  0.00,0.00,211.00,0.00,0.00,2862.00,0.00,0.00,0.00,
23:34:41.598 , 0,0,0,  0.00,0.00,211.00,0.00,0.00,2867.00,0.00,0.00,0.00,
23:34:41.598 , 0,0,0,  0.00,0.00,213.00,0.00,0.00,2863.00,0.00,0.00,0.00,
23:34:41.598 , 0,0,0,  0.00,0.00,210.00,0.00,0.00,2857.00,0.00,0.00,0.00,
23:34:41.598 , 0,0,0,  0.00,0.00,208.00,0.00,0.00,2864.00,0.00,0.00,0.00,
23:34:41.598 , 0,0,0,  0.00,0.00,208.00,0.00,0.00,2864.00,0.00,0.00,0.00,
23:34:41.598 , 0,0,0,  0.00,0.00,199.00,0.00,0.00,2864.00,0.00,0.00,0.00,
23:34:41.598 , 0,0,0,  0.00,0.00,196.00,0.00,0.00,2864.00,0.00,0.00,0.00,
23:34:41.646 , 0,0,0,  0.00,0.00,190.00,0.00,0.00,2865.00,0.00,0.00,0.00,
23:34:41.646 , 0,0,0,  0.00,0.00,185.00,0.00,0.00,2865.00,0.00,0.00,0.00,
23:34:41.646 , 0,0,0,  0.00,0.00,181.00,0.00,0.00,2866.00,0.00,0.00,0.00,
23:34:41.646 , 0,0,0,  0.00,0.00,175.00,0.00,0.00,2870.00,0.00,0.00,0.00,
23:34:41.646 , 0,0,0,  0.00,0.00,173.00,0.00,0.00,2866.00,0.00,0.00,0.00,
23:34:41.646 , 0,0,0,  0.00,0.00,169.00,0.00,0.00,2866.00,0.00,0.00,0.00,
23:34:41.646 , 0,0,0,  0.00,0.00,167.00,0.00,0.00,2868.00,0.00,0.00,0.00,
23:34:41.646 , 0,0,0,  0.00,0.00,171.00,0.00,0.00,2867.00,0.00,0.00,0.00,
23:34:41.646 , 0,0,0,  0.00,0.00,172.00,0.00,0.00,2866.00,0.00,0.00,0.00,
23:34:41.646 , 0,0,0,  0.00,0.00,166.00,0.00,0.00,2869.00,0.00,0.00,0.00,
23:34:41.693 , 0,0,0,  0.00,0.00,175.00,0.00,0.00,2865.00,0.00,0.00,0.00,
23:34:41.693 , 0,0,0,  0.00,0.00,176.00,0.00,0.00,2868.00,0.00,0.00,0.00,
23:34:41.693 , 0,0,0,  0.00,0.00,176.00,0.00,0.00,2868.00,0.00,0.00,0.00,
23:34:41.693 , 0,0,0,  0.00,0.00,176.00,0.00,0.00,2867.00,0.00,0.00,0.00,
23:34:41.693 , 0,0,0,  0.00,0.00,176.00,0.00,0.00,2869.00,0.00,0.00,0.00,
23:34:41.693 , 0,0,0,  0.00,0.00,181.00,0.00,0.00,2867.00,0.00,0.00,0.00,
23:34:41.693 , 0,0,0,  0.00,0.00,177.00,0.00,0.00,2865.00,0.00,0.00,0.00,
23:34:41.693 , 0,0,0,  0.00,0.00,178.00,0.00,0.00,2867.00,0.00,0.00,0.00,
23:34:41.693 , 0,0,0,  0.00,0.00,178.00,0.00,0.00,2866.00,0.00,0.00,0.00,
23:34:41.740 , 0,0,0,  0.00,0.00,179.00,0.00,0.00,2867.00,0.00,0.00,0.00,
23:34:41.740 , 0,0,0,  0.00,0.00,179.00,0.00,0.00,2870.00,0.00,0.00,0.00,
23:34:41.740 , 0,0,0,  0.00,0.00,177.00,0.00,0.00,2870.00,0.00,0.00,0.00,
23:34:41.740 , 0,0,0,  0.00,0.00,176.00,0.00,0.00,2866.00,0.00,0.00,0.00,
23:34:41.740 , 0,0,0,  0.00,0.00,175.00,0.00,0.00,2865.00,0.00,0.00,0.00,
23:34:41.740 , 0,0,0,  0.00,0.00,169.00,0.00,0.00,2866.00,0.00,0.00,0.00,
23:34:41.740 , 0,0,0,  0.00,0.00,166.00,0.00,0.00,2869.00,0.00,0.00,0.00,
23:34:41.740 , 0,0,0,  0.00,0.00,158.00,0.00,0.00,2869.00,0.00,0.00,0.00,
23:34:41.740 , 0,0,0,  0.00,0.00,157.00,0.00,0.00,2869.00,0.00,0.00,0.00,
23:34:41.787 , 0,0,0,  0.00,0.00,150.00,0.00,0.00,2871.00,0.00,0.00,0.00,
23:34:41.787 , 0,0,0,  0.00,0.00,142.00,0.00,0.00,2868.00,0.00,0.00,0.00,
23:34:41.787 , 0,0,0,  0.00,0.00,147.00,0.00,0.00,2873.00,0.00,0.00,0.00,
23:34:41.787 , 0,0,0,  0.00,0.00,134.00,0.00,0.00,2871.00,0.00,0.00,0.00,
23:34:41.787 , 0,0,0,  0.00,0.00,129.00,0.00,0.00,2873.00,0.00,0.00,0.00,
23:34:41.787 , 0,0,0,  0.00,0.00,128.00,0.00,0.00,2874.00,0.00,0.00,0.00,
23:34:41.787 , 0,0,0,  0.00,0.00,119.00,0.00,0.00,2874.00,0.00,0.00,0.00,
23:34:41.787 , 0,0,0,  0.00,0.00,113.00,0.00,0.00,2875.00,0.00,0.00,0.00,
23:34:41.787 , 0,0,0,  0.00,0.00,112.00,0.00,0.00,2875.00,0.00,0.00,0.00,
23:34:41.834 , 0,0,0,  0.00,0.00,110.00,0.00,0.00,2876.00,0.00,0.00,0.00,
23:34:41.834 , 0,0,0,  0.00,0.00,106.00,0.00,0.00,2877.00,0.00,0.00,0.00,
23:34:41.834 , 0,0,0,  0.00,0.00,106.00,0.00,0.00,2877.00,0.00,0.00,0.00,
23:34:41.834 , 0,0,0,  0.00,0.00,105.00,0.00,0.00,2875.00,0.00,0.00,0.00,
23:34:41.834 , 0,0,0,  0.00,0.00,106.00,0.00,0.00,2874.00,0.00,0.00,0.00,
23:34:41.834 , 0,0,0,  0.00,0.00,105.00,0.00,0.00,2878.00,0.00,0.00,0.00,
23:34:41.834 , 0,0,0,  0.00,0.00,107.00,0.00,0.00,2877.00,0.00,0.00,0.00,
23:34:41.834 , 0,0,0,  0.00,0.00,107.00,0.00,0.00,2870.00,0.00,0.00,0.00,
23:34:41.834 , 0,0,0,  0.00,0.00,110.00,0.00,0.00,2877.00,0.00,0.00,0.00,
23:34:41.882 , 0,0,0,  0.00,0.00,108.00,0.00,0.00,2878.00,0.00,0.00,0.00,
23:34:41.882 , 0,0,0,  0.00,0.00,125.00,0.00,0.00,2879.00,0.00,0.00,0.00,
23:34:41.882 , 0,0,0,  0.00,0.00,107.00,0.00,0.00,2874.00,0.00,0.00,0.00,
23:34:41.882 , 0,0,0,  0.00,0.00,111.00,0.00,0.00,2880.00,0.00,0.00,0.00,
23:34:41.882 , 0,0,0,  0.00,0.00,111.00,0.00,0.00,2878.00,0.00,0.00,0.00,
23:34:41.882 , 0,0,0,  0.00,0.00,89.00,0.00,0.00,2880.00,0.00,0.00,0.00,
23:34:41.882 , 0,0,0,  0.00,0.00,110.00,0.00,0.00,2880.00,0.00,0.00,0.00,
23:34:41.882 , 0,0,0,  0.00,0.00,112.00,0.00,0.00,2879.00,0.00,0.00,0.00,
23:34:41.882 , 0,0,0,  0.00,0.00,111.00,0.00,0.00,2879.00,0.00,0.00,0.00,
23:34:41.929 , 0,0,0,  0.00,0.00,112.00,0.00,0.00,2880.00,0.00,0.00,0.00,
23:34:41.929 , 0,0,0,  0.00,0.00,111.00,0.00,0.00,2878.00,0.00,0.00,0.00,
23:34:41.929 , 0,0,0,  0.00,0.00,112.00,0.00,0.00,2881.00,0.00,0.00,0.00,
23:34:41.929 , 0,0,0,  0.00,0.00,112.00,0.00,0.00,2880.00,0.00,0.00,0.00,
23:34:41.929 , 0,0,0,  0.00,0.00,114.00,0.00,0.00,2881.00,0.00,0.00,0.00,
23:34:41.929 , 0,0,0,  0.00,0.00,115.00,0.00,0.00,2880.00,0.00,0.00,0.00,
23:34:41.929 , 0,0,0,  0.00,0.00,127.00,0.00,0.00,2880.00,0.00,0.00,0.00,
23:34:41.929 , 0,0,0,  0.00,0.00,122.00,0.00,0.00,2882.00,0.00,0.00,0.00,
23:34:41.929 , 0,0,0,  0.00,0.00,123.00,0.00,0.00,2880.00,0.00,0.00,0.00,
23:34:41.976 , 0,0,0,  0.00,0.00,124.00,0.00,0.00,2880.00,0.00,0.00,0.00,
23:34:41.976 , 0,0,0,  0.00,0.00,128.00,0.00,0.00,2880.00,0.00,0.00,0.00,
23:34:41.976 , 0,0,0,  0.00,0.00,125.00,0.00,0.00,2880.00,0.00,0.00,0.00,
23:34:41.976 , 0,0,0,  0.00,0.00,128.00,0.00,0.00,2880.00,0.00,0.00,0.00,
23:34:41.976 , 0,0,0,  0.00,0.00,128.00,0.00,0.00,2879.00,0.00,0.00,0.00,
23:34:41.976 , 0,0,0,  0.00,0.00,124.00,0.00,0.00,2882.00,0.00,0.00,0.00,
23:34:41.976 , 0,0,0,  0.00,0.00,125.00,0.00,0.00,2880.00,0.00,0.00,0.00,
23:34:41.976 , 0,0,0,  0.00,0.00,124.00,0.00,0.00,2883.00,0.00,0.00,0.00,
23:34:41.976 , 0,0,0,  0.00,0.00,122.00,0.00,0.00,2882.00,0.00,0.00,0.00,
23:34:42.023 , 0,0,0,  0.00,0.00,123.00,0.00,0.00,2880.00,0.00,0.00,0.00,
23:34:42.023 , 0,0,0,  0.00,0.00,112.00,0.00,0.00,2881.00,0.00,0.00,0.00,
23:34:42.023 , 0,0,0,  0.00,0.00,119.00,0.00,0.00,2878.00,0.00,0.00,0.00,
23:34:42.023 , 0,0,0,  0.00,0.00,115.00,0.00,0.00,2880.00,0.00,0.00,0.00,
23:34:42.023 , 0,0,0,  0.00,0.00,113.00,0.00,0.00,2881.00,0.00,0.00,0.00,
23:34:42.023 , 0,0,0,  0.00,0.00,112.00,0.00,0.00,2880.00,0.00,0.00,0.00,
23:34:42.023 , 0,0,0,  0.00,0.00,112.00,0.00,0.00,2883.00,0.00,0.00,0.00,
23:34:42.023 , 0,0,0,  0.00,0.00,112.00,0.00,0.00,2881.00,0.00,0.00,0.00,
23:34:42.023 , 0,0,0,  0.00,0.00,115.00,0.00,0.00,2883.00,0.00,0.00,0.00,
23:34:42.069 , 0,0,0,  0.00,0.00,105.00,0.00,0.00,2879.00,0.00,0.00,0.00,
23:34:42.069 , 0,0,0,  0.00,0.00,102.00,0.00,0.00,2894.00,0.00,0.00,0.00,
23:34:42.069 , 0,0,0,  0.00,0.00,105.00,0.00,0.00,2881.00,0.00,0.00,0.00,
23:34:42.069 , 0,0,0,  0.00,0.00,102.00,0.00,0.00,2881.00,0.00,0.00,0.00,
23:34:42.069 , 0,0,0,  0.00,0.00,99.00,0.00,0.00,2881.00,0.00,0.00,0.00,
23:34:42.069 , 0,0,0,  0.00,0.00,103.00,0.00,0.00,2882.00,0.00,0.00,0.00,
23:34:42.069 , 0,0,0,  0.00,0.00,99.00,0.00,0.00,2882.00,0.00,0.00,0.00,
23:34:42.069 , 0,0,0,  0.00,0.00,98.00,0.00,0.00,2882.00,0.00,0.00,0.00,
23:34:42.069 , 0,0,0,  0.00,0.00,101.00,0.00,0.00,2880.00,0.00,0.00,0.00,
23:34:42.116 , 0,0,0,  0.00,0.00,97.00,0.00,0.00,2880.00,0.00,0.00,0.00,
23:34:42.116 , 0,0,0,  0.00,0.00,100.00,0.00,0.00,2883.00,0.00,0.00,0.00,
23:34:42.116 , 0,0,0,  0.00,0.00,98.00,0.00,0.00,2885.00,0.00,0.00,0.00,
23:34:42.116 , 0,0,0,  0.00,0.00,97.00,0.00,0.00,2883.00,0.00,0.00,0.00,
23:34:42.116 , 0,0,0,  0.00,0.00,98.00,0.00,0.00,2881.00,0.00,0.00,0.00,
23:34:42.116 , 0,0,0,  0.00,0.00,98.00,0.00,0.00,2881.00,0.00,0.00,0.00,
23:34:42.116 , 0,0,0,  0.00,0.00,95.00,0.00,0.00,2883.00,0.00,0.00,0.00,
23:34:42.116 , 0,0,0,  0.00,0.00,100.00,0.00,0.00,2884.00,0.00,0.00,0.00,
23:34:42.116 , 0,0,0,  0.00,0.00,95.00,0.00,0.00,2885.00,0.00,0.00,0.00,
23:34:42.164 , 0,0,0,  0.00,0.00,91.00,0.00,0.00,2884.00,0.00,0.00,0.00,
23:34:42.164 , 0,0,0,  0.00,0.00,96.00,0.00,0.00,2885.00,0.00,0.00,0.00,
23:34:42.164 , 0,0,0,  0.00,0.00,87.00,0.00,0.00,2886.00,0.00,0.00,0.00,
23:34:42.164 , 0,0,0,  0.00,0.00,81.00,0.00,0.00,2891.00,0.00,0.00,0.00,
23:34:42.164 , 0,0,0,  0.00,0.00,81.00,0.00,0.00,2887.00,0.00,0.00,0.00,
23:34:42.164 , 0,0,0,  0.00,0.00,80.00,0.00,0.00,2887.00,0.00,0.00,0.00,
23:34:42.164 , 0,0,0,  0.00,0.00,76.00,0.00,0.00,2887.00,0.00,0.00,0.00,
23:34:42.164 , 0,0,0,  0.00,0.00,78.00,0.00,0.00,2890.00,0.00,0.00,0.00,
23:34:42.164 , 0,0,0,  0.00,0.00,71.00,0.00,0.00,2889.00,0.00,0.00,0.00,
23:34:42.211 , 0,0,0,  0.00,0.00,67.00,0.00,0.00,2891.00,0.00,0.00,0.00,
23:34:42.211 , 0,0,0,  0.00,0.00,64.00,0.00,0.00,2889.00,0.00,0.00,0.00,
23:34:42.211 , 0,0,0,  0.00,0.00,60.00,0.00,0.00,2891.00,0.00,0.00,0.00,
23:34:42.211 , 0,0,0,  0.00,0.00,62.00,0.00,0.00,2896.00,0.00,0.00,0.00,
23:34:42.211 , 0,0,0,  0.00,0.00,57.00,0.00,0.00,2894.00,0.00,0.00,0.00,
23:34:42.211 , 0,0,0,  0.00,0.00,53.00,0.00,0.00,2891.00,0.00,0.00,0.00,
23:34:42.211 , 0,0,0,  0.00,0.00,52.00,0.00,0.00,2892.00,0.00,0.00,0.00,
23:34:42.211 , 0,0,0,  0.00,0.00,52.00,0.00,0.00,2889.00,0.00,0.00,0.00,
23:34:42.211 , 0,0,0,  0.00,0.00,49.00,0.00,0.00,2896.00,0.00,0.00,0.00,
23:34:42.211 , 0,0,0,  0.00,0.00,48.00,0.00,0.00,2892.00,0.00,0.00,0.00,
23:34:42.258 , 0,0,0,  0.00,0.00,48.00,0.00,0.00,2893.00,0.00,0.00,0.00,
23:34:42.258 , 0,0,0,  0.00,0.00,48.00,0.00,0.00,2894.00,0.00,0.00,0.00,
23:34:42.258 , 0,0,0,  0.00,0.00,47.00,0.00,0.00,2890.00,0.00,0.00,0.00,
23:34:42.258 , 0,0,0,  0.00,0.00,48.00,0.00,0.00,2891.00,0.00,0.00,0.00,
23:34:42.258 , 0,0,0,  0.00,0.00,48.00,0.00,0.00,2891.00,0.00,0.00,0.00,
23:34:42.258 , 0,0,0,  0.00,0.00,42.00,0.00,0.00,2893.00,0.00,0.00,0.00,
23:34:42.258 , 0,0,0,  0.00,0.00,48.00,0.00,0.00,2890.00,0.00,0.00,0.00,
23:34:42.258 , 0,0,0,  0.00,0.00,49.00,0.00,0.00,2893.00,0.00,0.00,0.00,
23:34:42.258 , 0,0,0,  0.00,0.00,47.00,0.00,0.00,2896.00,0.00,0.00,0.00,
23:34:42.305 , 0,0,0,  0.00,0.00,46.00,0.00,0.00,2886.00,0.00,0.00,0.00,
23:34:42.305 , 0,0,0,  0.00,0.00,46.00,0.00,0.00,2894.00,0.00,0.00,0.00,
23:34:42.305 , 0,0,0,  0.00,0.00,44.00,0.00,0.00,2893.00,0.00,0.00,0.00,
23:34:42.305 , 0,0,0,  0.00,0.00,51.00,0.00,0.00,2894.00,0.00,0.00,0.00,
23:34:42.305 , 0,0,0,  0.00,0.00,47.00,0.00,0.00,2891.00,0.00,0.00,0.00,
23:34:42.305 , 0,0,0,  0.00,0.00,57.00,0.00,0.00,2894.00,0.00,0.00,0.00,
23:34:42.305 , 0,0,0,  0.00,0.00,48.00,0.00,0.00,2891.00,0.00,0.00,0.00,
23:34:42.305 , 0,0,0,  0.00,0.00,41.00,0.00,0.00,2892.00,0.00,0.00,0.00,
23:34:42.305 , 0,0,0,  0.00,0.00,43.00,0.00,0.00,2893.00,0.00,0.00,0.00,
23:34:42.353 , 0,0,0,  0.00,0.00,41.00,0.00,0.00,2894.00,0.00,0.00,0.00,
23:34:42.353 , 0,0,0,  0.00,0.00,37.00,0.00,0.00,2893.00,0.00,0.00,0.00,
23:34:42.353 , 0,0,0,  0.00,0.00,39.00,0.00,0.00,2896.00,0.00,0.00,0.00,
23:34:42.353 , 0,0,0,  0.00,0.00,37.00,0.00,0.00,2896.00,0.00,0.00,0.00,
23:34:42.353 , 0,0,0,  0.00,0.00,38.00,0.00,0.00,2896.00,0.00,0.00,0.00,
23:34:42.353 , 0,0,0,  0.00,0.00,33.00,0.00,0.00,2896.00,0.00,0.00,0.00,
23:34:42.353 , 0,0,0,  0.00,0.00,35.00,0.00,0.00,2895.00,0.00,0.00,0.00,
23:34:42.353 , 0,0,0,  0.00,0.00,34.00,0.00,0.00,2894.00,0.00,0.00,0.00,
23:34:42.353 , 0,0,0,  0.00,0.00,35.00,0.00,0.00,2894.00,0.00,0.00,0.00,
23:34:42.401 , 0,0,0,  0.00,0.00,36.00,0.00,0.00,2893.00,0.00,0.00,0.00,
23:34:42.401 , 0,0,0,  0.00,0.00,34.00,0.00,0.00,2895.00,0.00,0.00,0.00,
23:34:42.401 , 0,0,0,  0.00,0.00,35.00,0.00,0.00,2894.00,0.00,0.00,0.00,
23:34:42.401 , 0,0,0,  0.00,0.00,32.00,0.00,0.00,2893.00,0.00,0.00,0.00,
23:34:42.401 , 0,0,0,  0.00,0.00,30.00,0.00,0.00,2893.00,0.00,0.00,0.00,
23:34:42.401 , 0,0,0,  0.00,0.00,28.00,0.00,0.00,2895.00,0.00,0.00,0.00,
23:34:42.401 , 0,0,0,  0.00,0.00,27.00,0.00,0.00,2895.00,0.00,0.00,0.00,
23:34:42.401 , 0,0,0,  0.00,0.00,27.00,0.00,0.00,2896.00,0.00,0.00,0.00,
23:34:42.401 , 0,0,0,  0.00,0.00,26.00,0.00,0.00,2896.00,0.00,0.00,0.00,
23:34:42.401 , 0,0,0,  0.00,0.00,26.00,0.00,0.00,2896.00,0.00,0.00,0.00,
23:34:42.448 , 0,0,0,  0.00,0.00,22.00,0.00,0.00,2895.00,0.00,0.00,0.00,
23:34:42.448 , 0,0,0,  0.00,0.00,18.00,0.00,0.00,2895.00,0.00,0.00,0.00,
23:34:42.448 , 0,0,0,  0.00,0.00,18.00,0.00,0.00,2896.00,0.00,0.00,0.00,
23:34:42.448 , 0,0,0,  0.00,0.00,17.00,0.00,0.00,2895.00,0.00,0.00,0.00,
23:34:42.448 , 0,0,0,  0.00,0.00,16.00,0.00,0.00,2896.00,0.00,0.00,0.00,
23:34:42.448 , 0,0,0,  0.00,0.00,16.00,0.00,0.00,2896.00,0.00,0.00,0.00,
23:34:42.448 , 0,0,0,  0.00,0.00,16.00,0.00,0.00,2896.00,0.00,0.00,0.00,
23:34:42.448 , 0,0,0,  0.00,0.00,16.00,0.00,0.00,2896.00,0.00,0.00,0.00,
23:34:42.448 , 0,0,0,  0.00,0.00,16.00,0.00,0.00,2895.00,0.00,0.00,0.00,
23:34:42.495 , 0,0,0,  0.00,0.00,16.00,0.00,0.00,2896.00,0.00,0.00,0.00,
23:34:42.495 , 0,0,0,  0.00,0.00,15.00,0.00,0.00,2896.00,0.00,0.00,0.00,
23:34:42.495 , 0,0,0,  0.00,0.00,17.00,0.00,0.00,2898.00,0.00,0.00,0.00,
23:34:42.495 , 0,0,0,  0.00,0.00,17.00,0.00,0.00,2897.00,0.00,0.00,0.00,
23:34:42.495 , 0,0,0,  0.00,0.00,16.00,0.00,0.00,2894.00,0.00,0.00,0.00,
23:34:42.495 , 0,0,0,  0.00,0.00,17.00,0.00,0.00,2896.00,0.00,0.00,0.00,
23:34:42.495 , 0,0,0,  0.00,0.00,18.00,0.00,0.00,2896.00,0.00,0.00,0.00,
23:34:42.495 , 0,0,0,  0.00,0.00,17.00,0.00,0.00,2896.00,0.00,0.00,0.00,
23:34:42.495 , 0,0,0,  0.00,0.00,18.00,0.00,0.00,2896.00,0.00,0.00,0.00,
23:34:42.542 , 0,0,0,  0.00,0.00,21.00,0.00,0.00,2896.00,0.00,0.00,0.00,
23:34:42.542 , 0,0,0,  0.00,0.00,19.00,0.00,0.00,2896.00,0.00,0.00,0.00,
23:34:42.542 , 0,0,0,  0.00,0.00,22.00,0.00,0.00,2896.00,0.00,0.00,0.00,
23:34:42.542 , 0,0,0,  0.00,0.00,19.00,0.00,0.00,2904.00,0.00,0.00,0.00,
23:34:42.542 , 0,0,0,  0.00,0.00,21.00,0.00,0.00,2895.00,0.00,0.00,0.00,
23:34:42.542 , 0,0,0,  0.00,0.00,21.00,0.00,0.00,2896.00,0.00,0.00,0.00,
23:34:42.542 , 0,0,0,  0.00,0.00,20.00,0.00,0.00,2896.00,0.00,0.00,0.00,
23:34:42.542 , 0,0,0,  0.00,0.00,19.00,0.00,0.00,2896.00,0.00,0.00,0.00,
23:34:42.542 , 0,0,0,  0.00,0.00,20.00,0.00,0.00,2896.00,0.00,0.00,0.00,
23:34:42.589 , 0,0,0,  0.00,0.00,21.00,0.00,0.00,2896.00,0.00,0.00,0.00,
23:34:42.589 , 0,0,0,  0.00,0.00,23.00,0.00,0.00,2896.00,0.00,0.00,0.00,
23:34:42.589 , 0,0,0,  0.00,0.00,25.00,0.00,0.00,2896.00,0.00,0.00,0.00,
23:34:42.589 , 0,0,0,  0.00,0.00,17.00,0.00,0.00,2891.00,0.00,0.00,0.00,
23:34:42.589 , 0,0,0,  0.00,0.00,19.00,0.00,0.00,2895.00,0.00,0.00,0.00,
23:34:42.589 , 0,0,0,  0.00,0.00,19.00,0.00,0.00,2896.00,0.00,0.00,0.00,
23:34:42.589 , 0,0,0,  0.00,0.00,18.00,0.00,0.00,2896.00,0.00,0.00,0.00,
23:34:42.589 , 0,0,0,  0.00,0.00,17.00,0.00,0.00,2896.00,0.00,0.00,0.00,
23:34:42.589 , 0,0,0,  0.00,0.00,17.00,0.00,0.00,2896.00,0.00,0.00,0.00,
23:34:42.637 , 0,0,0,  0.00,0.00,17.00,0.00,0.00,2896.00,0.00,0.00,0.00,
23:34:42.637 , 0,0,0,  0.00,0.00,16.00,0.00,0.00,2896.00,0.00,0.00,0.00,
23:34:42.637 , 0,0,0,  0.00,0.00,20.00,0.00,0.00,2898.00,0.00,0.00,0.00,
23:34:42.637 , 0,0,0,  0.00,0.00,17.00,0.00,0.00,2896.00,0.00,0.00,0.00,
23:34:42.637 , 0,0,0,  0.00,0.00,13.00,0.00,0.00,2896.00,0.00,0.00,0.00,
23:34:42.637 , 0,0,0,  0.00,0.00,7.00,0.00,0.00,2896.00,0.00,0.00,0.00,
23:34:42.637 , 0,0,0,  0.00,0.00,13.00,0.00,0.00,2897.00,0.00,0.00,0.00,
23:34:42.637 , 0,0,0,  0.00,0.00,14.00,0.00,0.00,2896.00,0.00,0.00,0.00,
23:34:42.637 , 0,0,0,  0.00,0.00,13.00,0.00,0.00,2896.00,0.00,0.00,0.00,
23:34:42.637 , 0,0,0,  0.00,0.00,14.00,0.00,0.00,2896.00,0.00,0.00,0.00,
23:34:42.684 , 0,0,0,  0.00,0.00,12.00,0.00,0.00,2896.00,0.00,0.00,0.00,
23:34:42.684 , 0,0,0,  0.00,0.00,11.00,0.00,0.00,2897.00,0.00,0.00,0.00,
23:34:42.684 , 0,0,0,  0.00,0.00,10.00,0.00,0.00,2898.00,0.00,0.00,0.00,
23:34:42.684 , 0,0,0,  0.00,0.00,9.00,0.00,0.00,2896.00,0.00,0.00,0.00,
23:34:42.684 , 0,0,0,  0.00,0.00,9.00,0.00,0.00,2896.00,0.00,0.00,0.00,
23:34:42.684 , 0,0,0,  0.00,0.00,10.00,0.00,0.00,2896.00,0.00,0.00,0.00,
23:34:42.684 , 0,0,0,  0.00,0.00,7.00,0.00,0.00,2897.00,0.00,0.00,0.00,
23:34:42.684 , 0,0,0,  0.00,0.00,10.00,0.00,0.00,2896.00,0.00,0.00,0.00,
23:34:42.684 , 0,0,0,  0.00,0.00,7.00,0.00,0.00,2896.00,0.00,0.00,0.00,
23:34:42.732 , 0,0,0,  0.00,0.00,7.00,0.00,0.00,2897.00,0.00,0.00,0.00,
23:34:42.732 , 0,0,0,  0.00,0.00,7.00,0.00,0.00,2898.00,0.00,0.00,0.00,
23:34:42.732 , 0,0,0,  0.00,0.00,5.00,0.00,0.00,2897.00,0.00,0.00,0.00,
23:34:42.732 , 0,0,0,  0.00,0.00,5.00,0.00,0.00,2899.00,0.00,0.00,0.00,
23:34:42.732 , 0,0,0,  0.00,0.00,7.00,0.00,0.00,2896.00,0.00,0.00,0.00,
23:34:42.732 , 0,0,0,  0.00,0.00,5.00,0.00,0.00,2899.00,0.00,0.00,0.00,
23:34:42.732 , 0,0,0,  0.00,0.00,8.00,0.00,0.00,2897.00,0.00,0.00,0.00,
23:34:42.732 , 0,0,0,  0.00,0.00,0.00,0.00,0.00,2897.00,0.00,0.00,0.00,
23:34:42.732 , 0,0,0,  0.00,0.00,7.00,0.00,0.00,2897.00,0.00,0.00,0.00,
23:34:42.779 , 0,0,0,  0.00,0.00,7.00,0.00,0.00,2897.00,0.00,0.00,0.00,
23:34:42.779 , 0,0,0,  0.00,0.00,9.00,0.00,0.00,2896.00,0.00,0.00,0.00,
23:34:42.779 , 0,0,0,  0.00,0.00,10.00,0.00,0.00,2898.00,0.00,0.00,0.00,
23:34:42.779 , 0,0,0,  0.00,0.00,9.00,0.00,0.00,2897.00,0.00,0.00,0.00,
23:34:42.779 , 0,0,0,  0.00,0.00,8.00,0.00,0.00,2898.00,0.00,0.00,0.00,
23:34:42.779 , 0,0,0,  0.00,0.00,6.00,0.00,0.00,2897.00,0.00,0.00,0.00,
23:34:42.779 , 0,0,0,  0.00,0.00,10.00,0.00,0.00,2896.00,0.00,0.00,0.00,
23:34:42.779 , 0,0,0,  0.00,0.00,12.00,0.00,0.00,2897.00,0.00,0.00,0.00,
23:34:42.779 , 0,0,0,  0.00,0.00,8.00,0.00,0.00,2897.00,0.00,0.00,0.00,
23:34:42.779 , 0,0,0,  0.00,0.00,11.00,0.00,0.00,2897.00,0.00,0.00,0.00,
23:34:42.826 , 0,0,0,  0.00,0.00,13.00,0.00,0.00,2896.00,0.00,0.00,0.00,
23:34:42.826 , 0,0,0,  0.00,0.00,13.00,0.00,0.00,2896.00,0.00,0.00,0.00,
23:34:42.826 , 0,0,0,  0.00,0.00,11.00,0.00,0.00,2906.00,0.00,0.00,0.00,
23:34:42.826 , 0,0,0,  0.00,0.00,7.00,0.00,0.00,2896.00,0.00,0.00,0.00,
23:34:42.826 , 0,0,0,  0.00,0.00,10.00,0.00,0.00,2897.00,0.00,0.00,0.00,
23:34:42.826 , 0,0,0,  0.00,0.00,13.00,0.00,0.00,2898.00,0.00,0.00,0.00,
23:34:42.826 , 0,0,0,  0.00,0.00,11.00,0.00,0.00,2898.00,0.00,0.00,0.00,
23:34:42.826 , 0,0,0,  0.00,0.00,7.00,0.00,0.00,2896.00,0.00,0.00,0.00,
23:34:42.826 , 0,0,0,  0.00,0.00,5.00,0.00,0.00,2898.00,0.00,0.00,0.00,
23:34:42.873 , 0,0,0,  0.00,0.00,6.00,0.00,0.00,2899.00,0.00,0.00,0.00,
23:34:42.873 , 0,0,0,  0.00,0.00,5.00,0.00,0.00,2896.00,0.00,0.00,0.00,
23:34:42.873 , 0,0,0,  0.00,0.00,8.00,0.00,0.00,2896.00,0.00,0.00,0.00,
23:34:42.873 , 0,0,0,  0.00,0.00,6.00,0.00,0.00,2897.00,0.00,0.00,0.00,
23:34:42.873 , 0,0,0,  0.00,0.00,3.00,0.00,0.00,2898.00,0.00,0.00,0.00,
23:34:42.873 , 0,0,0,  0.00,0.00,2.00,0.00,0.00,2897.00,0.00,0.00,0.00,
23:34:42.873 , 0,0,0,  0.00,0.00,2.00,0.00,0.00,2896.00,0.00,0.00,0.00,
23:34:42.873 , 0,0,0,  0.00,0.00,2.00,0.00,0.00,2898.00,0.00,0.00,0.00,
23:34:42.873 , 0,0,0,  0.00,0.00,1.00,0.00,0.00,2902.00,0.00,0.00,0.00,
23:34:42.921 , 0,0,0,  0.00,0.00,1.00,0.00,0.00,2896.00,0.00,0.00,0.00,
23:34:42.921 , 0,0,0,  0.00,0.00,0.00,0.00,0.00,2899.00,0.00,0.00,0.00,
23:34:42.921 , 0,0,0,  0.00,0.00,1.00,0.00,0.00,2901.00,0.00,0.00,0.00,
23:34:42.921 , 0,0,0,  0.00,0.00,0.00,0.00,0.00,2901.00,0.00,0.00,0.00,
23:34:42.921 , 0,0,0,  0.00,0.00,0.00,0.00,0.00,2901.00,0.00,0.00,0.00,
23:34:42.921 , 0,0,0,  0.00,0.00,0.00,0.00,0.00,2899.00,0.00,0.00,0.00,
23:34:42.921 , 0,0,0,  0.00,0.00,1.00,0.00,0.00,2901.00,0.00,0.00,0.00,
23:34:42.921 , 0,0,0,  0.00,0.00,1.00,0.00,0.00,2900.00,0.00,0.00,0.00,
23:34:42.921 , 0,0,0,  0.00,0.00,1.00,0.00,0.00,2898.00,0.00,0.00,0.00,
23:34:42.921 , 0,0,0,  0.00,0.00,0.00,0.00,0.00,2902.00,0.00,0.00,0.00,
23:34:42.969 , 0,0,0,  0.00,0.00,4.00,0.00,0.00,2900.00,0.00,0.00,0.00,
23:34:42.969 , 0,0,0,  0.00,0.00,0.00,0.00,0.00,2898.00,0.00,0.00,0.00,
23:34:42.969 , 0,0,0,  0.00,0.00,0.00,0.00,0.00,2901.00,0.00,0.00,0.00,
23:34:42.969 , 0,0,0,  0.00,0.00,0.00,0.00,0.00,2901.00,0.00,0.00,0.00,
23:34:42.969 , 0,0,0,  0.00,0.00,0.00,0.00,0.00,2901.00,0.00,0.00,0.00,
23:34:42.969 , 0,0,0,  0.00,0.00,0.00,0.00,0.00,2898.00,0.00,0.00,0.00,
23:34:42.969 , 0,0,0,  0.00,0.00,0.00,0.00,0.00,2901.00,0.00,0.00,0.00,
23:34:42.969 , 0,0,0,  0.00,0.00,0.00,0.00,0.00,2899.00,0.00,0.00,0.00,
23:34:42.969 , 0,0,0,  0.00,0.00,0.00,0.00,0.00,2903.00,0.00,0.00,0.00,
23:34:43.016 , 0,0,0,  0.00,0.00,0.00,0.00,0.00,2899.00,0.00,0.00,0.00,
23:34:43.016 , 0,0,0,  0.00,0.00,0.00,0.00,0.00,2900.00,0.00,0.00,0.00,
23:34:43.016 , 0,0,0,  0.00,0.00,0.00,0.00,0.00,2902.00,0.00,0.00,0.00,
23:34:43.016 , 0,0,0,  0.00,0.00,0.00,0.00,0.00,2898.00,0.00,0.00,0.00,
23:34:43.016 , 0,0,0,  0.00,0.00,0.00,0.00,0.00,2899.00,0.00,0.00,0.00,
23:34:43.016 , 0,0,0,  0.00,0.00,1.00,0.00,0.00,2898.00,0.00,0.00,0.00,
23:34:43.016 , 0,0,0,  0.00,0.00,0.00,0.00,0.00,2899.00,0.00,0.00,0.00,
23:34:43.016 , 0,0,0,  0.00,0.00,0.00,0.00,0.00,2897.00,0.00,0.00,0.00,
23:34:43.016 , 0,0,0,  0.00,0.00,0.00,0.00,0.00,2897.00,0.00,0.00,0.00,
23:34:43.016 , 0,0,0,  0.00,0.00,2.00,0.00,0.00,2901.00,0.00,0.00,0.00,
23:34:43.063 , 0,0,0,  0.00,0.00,0.00,0.00,0.00,2903.00,0.00,0.00,0.00,
23:34:43.063 , 0,0,0,  0.00,0.00,0.00,0.00,0.00,2898.00,0.00,0.00,0.00,
23:34:43.063 , 0,0,0,  0.00,0.00,0.00,0.00,0.00,2901.00,0.00,0.00,0.00,
23:34:43.063 , 0,0,0,  0.00,0.00,0.00,0.00,0.00,2899.00,0.00,0.00,0.00,
23:34:43.063 , 0,0,0,  0.00,0.00,0.00,0.00,0.00,2901.00,0.00,0.00,0.00,
23:34:43.063 , 0,0,0,  0.00,0.00,0.00,0.00,0.00,2897.00,0.00,0.00,0.00,
23:34:43.063 , 0,0,0,  0.00,0.00,0.00,0.00,0.00,2900.00,0.00,0.00,0.00,
23:34:43.063 , 0,0,0,  0.00,0.00,0.00,0.00,0.00,2896.00,0.00,0.00,0.00,
23:34:43.063 , 0,0,0,  0.00,0.00,0.00,0.00,0.00,2899.00,0.00,0.00,0.00,
23:34:43.109 , 0,0,0,  0.00,0.00,0.00,0.00,0.00,2898.00,0.00,0.00,0.00,
23:34:43.109 , 0,0,0,  0.00,0.00,0.00,0.00,0.00,2899.00,0.00,0.00,0.00,
23:34:43.109 , 0,0,0,  0.00,0.00,0.00,0.00,0.00,2898.00,0.00,0.00,0.00,
23:34:43.109 , 0,0,0,  0.00,0.00,0.00,0.00,0.00,2899.00,0.00,0.00,0.00,
23:34:43.109 , 0,0,0,  0.00,0.00,0.00,0.00,0.00,2896.00,0.00,0.00,0.00,
23:34:43.109 , 0,0,0,  0.00,0.00,0.00,0.00,0.00,2900.00,0.00,0.00,0.00,
23:34:43.109 , 0,0,0,  0.00,0.00,0.00,0.00,0.00,2901.00,0.00,0.00,0.00,
23:34:43.109 , 0,0,0,  0.00,0.00,0.00,0.00,0.00,2901.00,0.00,0.00,0.00,
23:34:43.109 , 0,0,0,  0.00,0.00,0.00,0.00,0.00,2900.00,0.00,0.00,0.00,
23:34:43.156 , 0,0,0,  0.00,0.00,0.00,0.00,0.00,2901.00,0.00,0.00,0.00,
23:34:43.156 , 0,0,0,  0.00,0.00,0.00,0.00,0.00,2900.00,0.00,0.00,0.00,
23:34:43.156 , 0,0,0,  0.00,0.00,0.00,0.00,0.00,2898.00,0.00,0.00,0.00,
23:34:43.156 , 0,0,0,  0.00,0.00,0.00,0.00,0.00,2899.00,0.00,0.00,0.00,
23:34:43.156 , 0,0,0,  0.00,0.00,0.00,0.00,0.00,2899.00,0.00,0.00,0.00,
23:34:43.156 , 0,0,0,  0.00,0.00,0.00,0.00,0.00,2901.00,0.00,0.00,0.00,
23:34:43.156 , 0,0,0,  0.00,0.00,0.00,0.00,0.00,2897.00,0.00,0.00,0.00,
23:34:43.156 , 0,0,0,  0.00,0.00,0.00,0.00,0.00,2898.00,0.00,0.00,0.00,
23:34:43.156 , 0,0,0,  0.00,0.00,0.00,0.00,0.00,2900.00,0.00,0.00,0.00,
23:34:43.156 , 0,0,0,  0.00,0.00,0.00,0.00,0.00,2899.00,0.00,0.00,0.00,
23:34:43.205 , 0,0,0,  0.00,0.00,0.00,0.00,0.00,2897.00,0.00,0.00,0.00,
23:34:43.205 , 0,0,0,  0.00,0.00,0.00,0.00,0.00,2900.00,0.00,0.00,0.00,
23:34:43.205 , 0,0,0,  0.00,0.00,0.00,0.00,0.00,2902.00,0.00,0.00,0.00,
23:34:43.205 , 0,0,0,  0.00,0.00,0.00,0.00,0.00,2899.00,0.00,0.00,0.00,
23:34:43.205 , 0,0,0,  0.00,0.00,0.00,0.00,0.00,2899.00,0.00,0.00,0.00,
23:34:43.205 , 0,0,0,  0.00,0.00,0.00,0.00,0.00,2898.00,0.00,0.00,0.00,
23:34:43.205 , 0,0,0,  0.00,0.00,0.00,0.00,0.00,2900.00,0.00,0.00,0.00,
23:34:43.205 , 0,0,0,  0.00,0.00,0.00,0.00,0.00,2897.00,0.00,0.00,0.00,
23:34:43.205 , 0,0,0,  0.00,0.00,0.00,0.00,0.00,2900.00,0.00,0.00,0.00,
23:34:43.252 , 0,0,0,  0.00,0.00,0.00,0.00,0.00,2903.00,0.00,0.00,0.00,
23:34:43.252 , 0,0,0,  0.00,0.00,0.00,0.00,0.00,2902.00,0.00,0.00,0.00,
23:34:43.252 , 0,0,0,  0.00,0.00,0.00,0.00,0.00,2899.00,0.00,0.00,0.00,
23:34:43.252 , 0,0,0,  0.00,0.00,0.00,0.00,0.00,2902.00,0.00,0.00,0.00,
23:34:43.252 , 0,0,0,  0.00,0.00,0.00,0.00,0.00,2899.00,0.00,0.00,0.00,
23:34:43.252 , 0,0,0,  0.00,0.00,0.00,0.00,0.00,2900.00,0.00,0.00,0.00,
23:34:43.252 , 0,0,0,  0.00,0.00,0.00,0.00,0.00,2898.00,0.00,0.00,0.00,
23:34:43.252 , 0,0,0,  0.00,0.00,0.00,0.00,0.00,2901.00,0.00,0.00,0.00,
23:34:43.252 , 0,0,0,  0.00,0.00,0.00,0.00,0.00,2899.00,0.00,0.00,0.00,
23:34:43.252 , 0,0,0,  0.00,0.00,0.00,0.00,0.00,2897.00,0.00,0.00,0.00,
23:34:43.299 , 0,0,0,  0.00,0.00,0.00,0.00,0.00,2899.00,0.00,0.00,0.00,
23:34:43.299 , 0,0,0,  0.00,0.00,0.00,0.00,0.00,2901.00,0.00,0.00,0.00,
23:34:43.299 , 0,0,0,  0.00,0.00,0.00,0.00,0.00,2901.00,0.00,0.00,0.00,
23:34:43.299 , 0,0,0,  0.00,0.00,0.00,0.00,0.00,2898.00,0.00,0.00,0.00,
23:34:43.299 , 0,0,0,  0.00,0.00,0.00,0.00,0.00,2899.00,0.00,0.00,0.00,
23:34:43.299 , 0,0,0,  0.00,0.00,0.00,0.00,0.00,2899.00,0.00,0.00,0.00,
23:34:43.299 , 0,0,0,  0.00,0.00,0.00,0.00,0.00,2902.00,0.00,0.00,0.00,
23:34:43.299 , 0,0,0,  0.00,0.00,0.00,0.00,0.00,2901.00,0.00,0.00,0.00,
23:34:43.299 , 0,0,0,  0.00,0.00,0.00,0.00,0.00,2902.00,0.00,0.00,0.00,
23:34:43.345 , 0,0,0,  0.00,0.00,0.00,0.00,0.00,2902.00,0.00,0.00,0.00,
23:34:43.345 , 0,0,0,  0.00,0.00,0.00,0.00,0.00,2899.00,0.00,0.00,0.00,
23:34:43.345 , 0,0,0,  0.00,0.00,0.00,0.00,0.00,2901.00,0.00,0.00,0.00,
23:34:43.345 , 0,0,0,  0.00,0.00,0.00,0.00,0.00,2899.00,0.00,0.00,0.00,
23:34:43.345 , 0,0,0,  0.00,0.00,0.00,0.00,0.00,2899.00,0.00,0.00,0.00,
23:34:43.345 , 0,0,0,  0.00,0.00,0.00,0.00,0.00,2898.00,0.00,0.00,0.00,
23:34:43.345 , 0,0,0,  0.00,0.00,0.00,0.00,0.00,2900.00,0.00,0.00,0.00,
23:34:43.345 , 0,0,0,  0.00,0.00,0.00,0.00,0.00,2897.00,0.00,0.00,0.00,
23:34:43.345 , 0,0,0,  0.00,0.00,0.00,0.00,0.00,2903.00,0.00,0.00,0.00,
23:34:43.391 , 0,0,0,  0.00,0.00,0.00,0.00,0.00,2900.00,0.00,0.00,0.00,
23:34:43.391 , 0,0,0,  0.00,0.00,0.00,0.00,0.00,2898.00,0.00,0.00,0.00,
23:34:43.391 , 0,0,0,  0.00,0.00,0.00,0.00,0.00,2901.00,0.00,0.00,0.00,
23:34:43.391 , 0,0,0,  0.00,0.00,0.00,0.00,0.00,2899.00,0.00,0.00,0.00,
23:34:43.391 , 0,0,0,  0.00,0.00,0.00,0.00,0.00,2899.00,0.00,0.00,0.00,
23:34:43.391 , 0,0,0,  0.00,0.00,0.00,0.00,0.00,2899.00,0.00,0.00,0.00,
23:34:43.391 , 0,0,0,  0.00,0.00,0.00,0.00,0.00,2899.00,0.00,0.00,0.00,
23:34:43.391 , 0,0,0,  0.00,0.00,0.00,0.00,0.00,2898.00,0.00,0.00,0.00,
23:34:43.391 , 0,0,0,  0.00,0.00,0.00,0.00,0.00,2901.00,0.00,0.00,0.00,
23:34:43.438 , 0,0,0,  0.00,0.00,0.00,0.00,0.00,2899.00,0.00,0.00,0.00,
23:34:43.438 , 0,0,0,  0.00,0.00,0.00,0.00,0.00,2902.00,0.00,0.00,0.00,
23:34:43.438 , 0,0,0,  0.00,0.00,0.00,0.00,0.00,2899.00,0.00,0.00,0.00,
23:34:43.438 , 0,0,0,  0.00,0.00,0.00,0.00,0.00,2898.00,0.00,0.00,0.00,
23:34:43.438 , 0,0,0,  0.00,0.00,0.00,0.00,0.00,2901.00,0.00,0.00,0.00,
23:34:43.438 , 0,0,0,  0.00,0.00,0.00,0.00,0.00,2901.00,0.00,0.00,0.00,
23:34:43.438 , 0,0,0,  0.00,0.00,0.00,0.00,0.00,2900.00,0.00,0.00,0.00,
23:34:43.438 , 0,0,0,  0.00,0.00,0.00,0.00,0.00,2901.00,0.00,0.00,0.00,
23:34:43.438 , 0,0,0,  0.00,0.00,0.00,0.00,0.00,2900.00,0.00,0.00,0.00,
23:34:43.438 , 0,0,0,  0.00,0.00,0.00,0.00,0.00,2899.00,0.00,0.00,0.00,
23:34:43.486 , 0,0,0,  0.00,0.00,0.00,0.00,0.00,2900.00,0.00,0.00,0.00,
23:34:43.486 , 0,0,0,  0.00,0.00,0.00,0.00,0.00,2900.00,0.00,0.00,0.00,
23:34:43.486 , 0,0,0,  0.00,0.00,0.00,0.00,0.00,2901.00,0.00,0.00,0.00,
23:34:43.486 , 0,0,0,  0.00,0.00,0.00,0.00,0.00,2902.00,0.00,0.00,0.00,
23:34:43.486 , 0,0,0,  0.00,0.00,0.00,0.00,0.00,2896.00,0.00,0.00,0.00,
23:34:43.486 , 0,0,0,  0.00,0.00,0.00,0.00,0.00,2907.00,0.00,0.00,0.00,
23:34:43.486 , 0,0,0,  0.00,0.00,0.00,0.00,0.00,2898.00,0.00,0.00,0.00,
23:34:43.486 , 0,0,0,  0.00,0.00,0.00,0.00,0.00,2899.00,0.00,0.00,0.00,
23:34:43.486 , 0,0,0,  0.00,0.00,0.00,0.00,0.00,2902.00,0.00,0.00,0.00,
23:34:43.533 , 0,0,0,  0.00,0.00,0.00,0.00,0.00,2902.00,0.00,0.00,0.00,
23:34:43.533 , 0,0,0,  0.00,0.00,0.00,0.00,0.00,2904.00,0.00,0.00,0.00,
23:34:43.533 , 0,0,0,  0.00,0.00,0.00,0.00,0.00,2899.00,0.00,0.00,0.00,
23:34:43.533 , 0,0,0,  0.00,0.00,0.00,0.00,0.00,2905.00,0.00,0.00,0.00,
23:34:43.533 , 0,0,0,  0.00,0.00,0.00,0.00,0.00,2905.00,0.00,0.00,0.00,
23:34:43.533 , 0,0,0,  0.00,0.00,0.00,0.00,0.00,2905.00,0.00,0.00,0.00,
23:34:43.533 , 0,0,0,  0.00,0.00,0.00,0.00,0.00,2902.00,0.00,0.00,0.00,
23:34:43.533 , 0,0,0,  0.00,0.00,0.00,0.00,0.00,2903.00,0.00,0.00,0.00,
23:34:43.533 , 0,0,0,  0.00,0.00,0.00,0.00,0.00,2905.00,0.00,0.00,0.00,
23:34:43.581 , 0,0,0,  0.00,0.00,0.00,0.00,0.00,2902.00,0.00,0.00,0.00,
23:34:43.581 , 0,0,0,  0.00,0.00,0.00,0.00,0.00,2903.00,0.00,0.00,0.00,
23:34:43.581 , 0,0,0,  0.00,0.00,0.00,0.00,0.00,2903.00,0.00,0.00,0.00,
23:34:43.581 , 0,0,0,  0.00,0.00,0.00,0.00,0.00,2907.00,0.00,0.00,0.00,
23:34:43.581 , 0,0,0,  0.00,0.00,0.00,0.00,0.00,2905.00,0.00,0.00,0.00,
23:34:43.581 , 0,0,0,  0.00,0.00,0.00,0.00,0.00,2898.00,0.00,0.00,0.00,
23:34:43.581 , 0,0,0,  0.00,0.00,0.00,0.00,0.00,2908.00,0.00,0.00,0.00,
23:34:43.581 , 0,0,0,  0.00,0.00,0.00,0.00,0.00,2905.00,0.00,0.00,0.00,
23:34:43.581 , 0,0,0,  0.00,0.00,0.00,0.00,0.00,2907.00,0.00,0.00,0.00,
23:34:43.581 , 0,0,0,  0.00,0.00,0.00,0.00,0.00,2910.00,0.00,0.00,0.00,
23:34:43.628 , 0,0,0,  0.00,0.00,0.00,0.00,0.00,2905.00,0.00,0.00,0.00,
23:34:43.628 , 0,0,0,  0.00,0.00,0.00,0.00,0.00,2907.00,0.00,0.00,0.00,
23:34:43.628 , 0,0,0,  0.00,0.00,0.00,0.00,0.00,2904.00,0.00,0.00,0.00,
23:34:43.628 , 0,0,0,  0.00,0.00,0.00,0.00,0.00,2905.00,0.00,0.00,0.00,
23:34:43.628 , 0,0,0,  0.00,0.00,0.00,0.00,0.00,2906.00,0.00,0.00,0.00,
23:34:43.628 , 0,0,0,  0.00,0.00,0.00,0.00,0.00,2905.00,0.00,0.00,0.00,
23:34:43.628 , 0,0,0,  0.00,0.00,0.00,0.00,0.00,2907.00,0.00,0.00,0.00,
23:34:43.628 , 0,0,0,  0.00,0.00,0.00,0.00,0.00,2909.00,0.00,0.00,0.00,
23:34:43.628 , 0,0,0,  0.00,0.00,0.00,0.00,0.00,2903.00,0.00,0.00,0.00,
23:34:43.676 , 0,0,0,  0.00,0.00,0.00,0.00,0.00,2903.00,0.00,0.00,0.00,
23:34:43.676 , 0,0,0,  0.00,0.00,0.00,0.00,0.00,2905.00,0.00,0.00,0.00,
23:34:43.676 , 0,0,0,  0.00,0.00,0.00,0.00,0.00,2907.00,0.00,0.00,0.00,
23:34:43.676 , 0,0,0,  0.00,0.00,0.00,0.00,0.00,2906.00,0.00,0.00,0.00,
23:34:43.676 , 0,0,0,  0.00,0.00,0.00,0.00,0.00,2901.00,0.00,0.00,0.00,
23:34:43.676 , 0,0,0,  0.00,0.00,0.00,0.00,0.00,2903.00,0.00,0.00,0.00,
23:34:43.676 , 0,0,0,  0.00,0.00,0.00,0.00,0.00,2897.00,0.00,0.00,0.00,
23:34:43.676 , 0,0,0,  0.00,0.00,0.00,0.00,0.00,2903.00,0.00,0.00,0.00,
23:34:43.676 , 0,0,0,  0.00,0.00,0.00,0.00,0.00,2901.00,0.00,0.00,0.00,
23:34:43.676 , 0,0,0,  0.00,0.00,0.00,0.00,0.00,2903.00,0.00,0.00,0.00,
23:34:43.723 , 0,0,0,  0.00,0.00,0.00,0.00,0.00,2903.00,0.00,0.00,0.00,
23:34:43.723 , 0,0,0,  0.00,0.00,0.00,0.00,0.00,2902.00,0.00,0.00,0.00,
23:34:43.723 , 0,0,0,  0.00,0.00,0.00,0.00,0.00,2899.00,0.00,0.00,0.00,
23:34:43.723 , 0,0,0,  0.00,0.00,0.00,0.00,0.00,2901.00,0.00,0.00,0.00,
23:34:43.723 , 0,0,0,  0.00,0.00,0.00,0.00,0.00,2902.00,0.00,0.00,0.00,
23:34:43.723 , 0,0,0,  0.00,0.00,0.00,0.00,0.00,2901.00,0.00,0.00,0.00,
23:34:43.723 , 0,0,0,  0.00,0.00,0.00,0.00,0.00,2903.00,0.00,0.00,0.00,
23:34:43.723 , 0,0,0,  0.00,0.00,0.00,0.00,0.00,2903.00,0.00,0.00,0.00,
23:34:43.723 , 0,0,0,  0.00,0.00,0.00,0.00,0.00,2903.00,0.00,0.00,0.00,
23:34:43.771 , 0,0,0,  0.00,0.00,0.00,0.00,0.00,2902.00,0.00,0.00,0.00,
23:34:43.771 , 0,0,0,  0.00,0.00,0.00,0.00,0.00,2901.00,0.00,0.00,0.00,
23:34:43.771 , 0,0,0,  0.00,0.00,0.00,0.00,0.00,2902.00,0.00,0.00,0.00,
23:34:43.771 , 0,0,0,  0.00,0.00,0.00,0.00,0.00,2906.00,0.00,0.00,0.00,
23:34:43.771 , 0,0,0,  0.00,0.00,0.00,0.00,0.00,2901.00,0.00,0.00,0.00,
23:34:43.771 , 0,0,0,  0.00,0.00,0.00,0.00,0.00,2902.00,0.00,0.00,0.00,
23:34:43.771 , 0,0,0,  0.00,0.00,0.00,0.00,0.00,2896.00,0.00,0.00,0.00,
23:34:43.771 , 0,0,0,  0.00,0.00,0.00,0.00,0.00,2903.00,0.00,0.00,0.00,
23:34:43.771 , 0,0,0,  0.00,0.00,0.00,0.00,0.00,2899.00,0.00,0.00,0.00,
23:34:43.771 , 0,0,0,  0.00,0.00,0.00,0.00,0.00,2902.00,0.00,0.00,0.00,
23:34:43.818 , 0,0,0,  0.00,0.00,0.00,0.00,0.00,2903.00,0.00,0.00,0.00,
23:34:43.818 , 0,0,0,  0.00,0.00,0.00,0.00,0.00,2901.00,0.00,0.00,0.00,
23:34:43.818 , 0,0,0,  0.00,0.00,0.00,0.00,0.00,2900.00,0.00,0.00,0.00,
23:34:43.818 , 0,0,0,  0.00,0.00,0.00,0.00,0.00,2901.00,0.00,0.00,0.00,
23:34:43.818 , 0,0,0,  0.00,0.00,0.00,0.00,0.00,2902.00,0.00,0.00,0.00,
23:34:43.818 , 0,0,0,  0.00,0.00,0.00,0.00,0.00,2900.00,0.00,0.00,0.00,
23:34:43.818 , 0,0,0,  0.00,0.00,0.00,0.00,0.00,2901.00,0.00,0.00,0.00,
23:34:43.818 , 0,0,0,  0.00,0.00,0.00,0.00,0.00,2900.00,0.00,0.00,0.00,
23:34:43.818 , 0,0,0,  0.00,0.00,0.00,0.00,0.00,2899.00,0.00,0.00,0.00,
23:34:43.866 , 0,0,0,  0.00,0.00,0.00,0.00,0.00,2898.00,0.00,0.00,0.00,
23:34:43.866 , 0,0,0,  0.00,0.00,0.00,0.00,0.00,2898.00,0.00,0.00,0.00,
23:34:43.866 , 0,0,0,  0.00,0.00,0.00,0.00,0.00,2900.00,0.00,0.00,0.00,
23:34:43.866 , 0,0,0,  0.00,0.00,0.00,0.00,0.00,2901.00,0.00,0.00,0.00,
23:34:43.866 , 0,0,0,  0.00,0.00,0.00,0.00,0.00,2898.00,0.00,0.00,0.00,
23:34:43.866 , 0,0,0,  0.00,0.00,0.00,0.00,0.00,2905.00,0.00,0.00,0.00,
23:34:43.866 , 0,0,0,  0.00,0.00,0.00,0.00,0.00,2902.00,0.00,0.00,0.00,
23:34:43.866 , 0,0,0,  0.00,0.00,0.00,0.00,0.00,2902.00,0.00,0.00,0.00,
23:34:43.866 , 0,0,0,  0.00,0.00,0.00,0.00,0.00,2902.00,0.00,0.00,0.00,
23:34:43.866 , 0,0,0,  0.00,0.00,0.00,0.00,0.00,2901.00,0.00,0.00,0.00,
23:34:43.914 , 0,0,0,  0.00,0.00,0.00,0.00,0.00,2902.00,0.00,0.00,0.00,
23:34:43.914 , 0,0,0,  0.00,0.00,0.00,0.00,0.00,2903.00,0.00,0.00,0.00,
23:34:43.914 , 0,0,0,  0.00,0.00,0.00,0.00,0.00,2899.00,0.00,0.00,0.00,
23:34:43.914 , 0,0,0,  0.00,0.00,0.00,0.00,0.00,2902.00,0.00,0.00,0.00,
23:34:43.914 , 0,0,0,  0.00,0.00,0.00,0.00,0.00,2907.00,0.00,0.00,0.00,
23:34:43.914 , 0,0,0,  0.00,0.00,0.00,0.00,0.00,2903.00,0.00,0.00,0.00,
23:34:43.914 , 0,0,0,  0.00,0.00,0.00,0.00,0.00,2903.00,0.00,0.00,0.00,
23:34:43.914 , 0,0,0,  0.00,0.00,0.00,0.00,0.00,2902.00,0.00,0.00,0.00,
23:34:43.914 , 0,0,0,  0.00,0.00,0.00,0.00,0.00,2902.00,0.00,0.00,0.00,
23:34:43.961 , 0,0,0,  0.00,0.00,0.00,0.00,0.00,2901.00,0.00,0.00,0.00,
23:34:43.961 , 0,0,0,  0.00,0.00,0.00,0.00,0.00,2902.00,0.00,0.00,0.00,
23:34:43.961 , 0,0,0,  0.00,0.00,0.00,0.00,0.00,2904.00,0.00,0.00,0.00,
23:34:43.961 , 0,0,0,  0.00,0.00,0.00,0.00,0.00,2903.00,0.00,0.00,0.00,
23:34:43.961 , 0,0,0,  0.00,0.00,0.00,0.00,0.00,2903.00,0.00,0.00,0.00,
23:34:43.961 , 0,0,0,  0.00,0.00,0.00,0.00,0.00,2905.00,0.00,0.00,0.00,
23:34:43.961 , 0,0,0,  0.00,0.00,0.00,0.00,0.00,2905.00,0.00,0.00,0.00,
23:34:43.961 , 0,0,0,  0.00,0.00,0.00,0.00,0.00,2903.00,0.00,0.00,0.00,
23:34:43.961 , 0,0,0,  0.00,0.00,0.00,0.00,0.00,2905.00,0.00,0.00,0.00,
23:34:44.008 , 0,0,0,  0.00,0.00,0.00,0.00,0.00,2907.00,0.00,0.00,0.00,
23:34:44.008 , 0,0,0,  0.00,0.00,0.00,0.00,0.00,2902.00,0.00,0.00,0.00,
23:34:44.008 , 0,0,0,  0.00,0.00,0.00,0.00,0.00,2902.00,0.00,0.00,0.00,
23:34:44.008 , 0,0,0,  0.00,0.00,0.00,0.00,0.00,2903.00,0.00,0.00,0.00,
23:34:44.008 , 0,0,0,  0.00,0.00,0.00,0.00,0.00,2905.00,0.00,0.00,0.00,
23:34:44.008 , 0,0,0,  0.00,0.00,0.00,0.00,0.00,2907.00,0.00,0.00,0.00,
23:34:44.008 , 0,0,0,  0.00,0.00,0.00,0.00,0.00,2901.00,0.00,0.00,0.00,
23:34:44.008 , 0,0,0,  0.00,0.00,0.00,0.00,0.00,2903.00,0.00,0.00,0.00,
23:34:44.008 , 0,0,0,  0.00,0.00,0.00,0.00,0.00,2903.00,0.00,0.00,0.00,
23:34:44.008 , 0,0,0,  0.00,0.00,0.00,0.00,0.00,2901.00,0.00,0.00,0.00,
23:34:44.055 , 0,0,0,  0.00,0.00,0.00,0.00,0.00,2901.00,0.00,0.00,0.00,
23:34:44.055 , 0,0,0,  0.00,0.00,0.00,0.00,0.00,2902.00,0.00,0.00,0.00,
23:34:44.055 , 0,0,0,  0.00,0.00,0.00,0.00,0.00,2905.00,0.00,0.00,0.00,
23:34:44.055 , 0,0,0,  0.00,0.00,0.00,0.00,0.00,2903.00,0.00,0.00,0.00,
23:34:44.055 , 0,0,0,  0.00,0.00,0.00,0.00,0.00,2907.00,0.00,0.00,0.00,
23:34:44.055 , 0,0,0,  0.00,0.00,0.00,0.00,0.00,2906.00,0.00,0.00,0.00,
23:34:44.055 , 0,0,0,  0.00,0.00,0.00,0.00,0.00,2906.00,0.00,0.00,0.00,
23:34:44.055 , 0,0,0,  0.00,0.00,0.00,0.00,0.00,2903.00,0.00,0.00,0.00,
23:34:44.055 , 0,0,0,  0.00,0.00,0.00,0.00,0.00,2903.00,0.00,0.00,0.00,
23:34:44.103 , 0,0,0,  0.00,0.00,0.00,0.00,0.00,2907.00,0.00,0.00,0.00,
23:34:44.103 , 0,0,0,  0.00,0.00,0.00,0.00,0.00,2902.00,0.00,0.00,0.00,
23:34:44.103 , 0,0,0,  0.00,0.00,0.00,0.00,0.00,2903.00,0.00,0.00,0.00,
23:34:44.103 , 0,0,0,  0.00,0.00,0.00,0.00,0.00,2903.00,0.00,0.00,0.00,
23:34:44.103 , 0,0,0,  0.00,0.00,0.00,0.00,0.00,2906.00,0.00,0.00,0.00,
23:34:44.103 , 0,0,0,  0.00,0.00,0.00,0.00,0.00,2906.00,0.00,0.00,0.00,
23:34:44.103 , 0,0,0,  0.00,0.00,0.00,0.00,0.00,2905.00,0.00,0.00,0.00,
23:34:44.103 , 0,0,0,  0.00,0.00,0.00,0.00,0.00,2907.00,0.00,0.00,0.00,
23:34:44.103 , 0,0,0,  0.00,0.00,0.00,0.00,0.00,2904.00,0.00,0.00,0.00,
23:34:44.103 , 0,0,0,  0.00,0.00,0.00,0.00,0.00,2906.00,0.00,0.00,0.00,
23:34:44.150 , 0,0,0,  0.00,0.00,0.00,0.00,0.00,2906.00,0.00,0.00,0.00,
23:34:44.150 , 0,0,0,  0.00,0.00,0.00,0.00,0.00,2906.00,0.00,0.00,0.00,
23:34:44.150 , 0,0,0,  0.00,0.00,0.00,0.00,0.00,2910.00,0.00,0.00,0.00,
23:34:44.150 , 0,0,0,  0.00,0.00,0.00,0.00,0.00,2905.00,0.00,0.00,0.00,
23:34:44.150 , 0,0,0,  0.00,0.00,0.00,0.00,0.00,2906.00,0.00,0.00,0.00,
23:34:44.150 , 0,0,0,  0.00,0.00,0.00,0.00,0.00,2908.00,0.00,0.00,0.00,
23:34:44.150 , 0,0,0,  0.00,0.00,0.00,0.00,0.00,2906.00,0.00,0.00,0.00,
23:34:44.150 , 0,0,0,  0.00,0.00,0.00,0.00,0.00,2906.00,0.00,0.00,0.00,
23:34:44.150 , 0,0,0,  0.00,0.00,0.00,0.00,0.00,2907.00,0.00,0.00,0.00,
23:34:44.197 , 0,0,0,  0.00,0.00,0.00,0.00,0.00,2903.00,0.00,0.00,0.00,
23:34:44.197 , 0,0,0,  0.00,0.00,0.00,0.00,0.00,2907.00,0.00,0.00,0.00,
23:34:44.197 , 0,0,0,  0.00,0.00,0.00,0.00,0.00,2908.00,0.00,0.00,0.00,
23:34:44.197 , 0,0,0,  0.00,0.00,0.00,0.00,0.00,2909.00,0.00,0.00,0.00,
23:34:44.197 , 0,0,0,  0.00,0.00,0.00,0.00,0.00,2907.00,0.00,0.00,0.00,
23:34:44.197 , 0,0,0,  0.00,0.00,0.00,0.00,0.00,2906.00,0.00,0.00,0.00,
23:34:44.197 , 0,0,0,  0.00,0.00,0.00,0.00,0.00,2899.00,0.00,0.00,0.00,
23:34:44.197 , 0,0,0,  0.00,0.00,0.00,0.00,0.00,2907.00,0.00,0.00,0.00,
23:34:44.197 , 0,0,0,  0.00,0.00,0.00,0.00,0.00,2909.00,0.00,0.00,0.00,
23:34:44.244 , 0,0,0,  0.00,0.00,0.00,0.00,0.00,2905.00,0.00,0.00,0.00,
23:34:44.244 , 0,0,0,  0.00,0.00,0.00,0.00,0.00,2909.00,0.00,0.00,0.00,
23:34:44.244 , 0,0,0,  0.00,0.00,0.00,0.00,0.00,2907.00,0.00,0.00,0.00,
23:34:44.244 , 0,0,0,  0.00,0.00,0.00,0.00,0.00,2907.00,0.00,0.00,0.00,
23:34:44.244 , 0,0,0,  0.00,0.00,0.00,0.00,0.00,2906.00,0.00,0.00,0.00,
23:34:44.244 , 0,0,0,  0.00,0.00,0.00,0.00,0.00,2907.00,0.00,0.00,0.00,
23:34:44.244 , 0,0,0,  0.00,0.00,0.00,0.00,0.00,2907.00,0.00,0.00,0.00,
23:34:44.244 , 0,0,0,  0.00,0.00,0.00,0.00,0.00,2908.00,0.00,0.00,0.00,
23:34:44.244 , 0,0,0,  0.00,0.00,0.00,0.00,0.00,2907.00,0.00,0.00,0.00,
23:34:44.244 , 0,0,0,  0.00,0.00,0.00,0.00,0.00,2907.00,0.00,0.00,0.00,
23:34:44.292 , 0,0,0,  0.00,0.00,0.00,0.00,0.00,2908.00,0.00,0.00,0.00,
23:34:44.292 , 0,0,0,  0.00,0.00,0.00,0.00,0.00,2907.00,0.00,0.00,0.00,
23:34:44.292 , 0,0,0,  0.00,0.00,0.00,0.00,0.00,2909.00,0.00,0.00,0.00,
23:34:44.292 , 0,0,0,  0.00,0.00,0.00,0.00,0.00,2911.00,0.00,0.00,0.00,
23:34:44.292 , 0,0,0,  0.00,0.00,0.00,0.00,0.00,2911.00,0.00,0.00,0.00,
23:34:44.292 , 0,0,0,  0.00,0.00,0.00,0.00,0.00,2909.00,0.00,0.00,0.00,
23:34:44.292 , 0,0,0,  0.00,0.00,0.00,0.00,0.00,2906.00,0.00,0.00,0.00,
23:34:44.292 , 0,0,0,  0.00,0.00,0.00,0.00,0.00,2911.00,0.00,0.00,0.00,
23:34:44.292 , 0,0,0,  0.00,0.00,0.00,0.00,0.00,2908.00,0.00,0.00,0.00,
23:34:44.339 , 0,0,0,  0.00,0.00,0.00,0.00,0.00,2908.00,0.00,0.00,0.00,
23:34:44.339 , 0,0,0,  0.00,0.00,0.00,0.00,0.00,2907.00,0.00,0.00,0.00,
23:34:44.339 , 0,0,0,  0.00,0.00,0.00,0.00,0.00,2910.00,0.00,0.00,0.00,
23:34:44.339 , 0,0,0,  0.00,0.00,0.00,0.00,0.00,2909.00,0.00,0.00,0.00,
23:34:44.339 , 0,0,0,  0.00,0.00,0.00,0.00,0.00,2905.00,0.00,0.00,0.00,
23:34:44.339 , 0,0,0,  0.00,0.00,0.00,0.00,0.00,2909.00,0.00,0.00,0.00,
23:34:44.339 , 0,0,0,  0.00,0.00,0.00,0.00,0.00,2906.00,0.00,0.00,0.00,
23:34:44.339 , 0,0,0,  0.00,0.00,0.00,0.00,0.00,2911.00,0.00,0.00,0.00,
23:34:44.339 , 0,0,0,  0.00,0.00,0.00,0.00,0.00,2909.00,0.00,0.00,0.00,
23:34:44.339 , 0,0,0,  0.00,0.00,0.00,0.00,0.00,2907.00,0.00,0.00,0.00,
23:34:44.386 , 0,0,0,  0.00,0.00,0.00,0.00,0.00,2909.00,0.00,0.00,0.00,
23:34:44.386 , 0,0,0,  0.00,0.00,0.00,0.00,0.00,2907.00,0.00,0.00,0.00,
23:34:44.386 , 0,0,0,  0.00,0.00,0.00,0.00,0.00,2907.00,0.00,0.00,0.00,
23:34:44.386 , 0,0,0,  0.00,0.00,0.00,0.00,0.00,2910.00,0.00,0.00,0.00,
23:34:44.386 , 0,0,0,  0.00,0.00,0.00,0.00,0.00,2907.00,0.00,0.00,0.00,
23:34:44.386 , 0,0,0,  0.00,0.00,0.00,0.00,0.00,2907.00,0.00,0.00,0.00,
23:34:44.386 , 0,0,0,  0.00,0.00,0.00,0.00,0.00,2907.00,0.00,0.00,0.00,
23:34:44.386 , 0,0,0,  0.00,0.00,0.00,0.00,0.00,2907.00,0.00,0.00,0.00,
23:34:44.386 , 0,0,0,  0.00,0.00,0.00,0.00,0.00,2907.00,0.00,0.00,0.00,
23:34:44.434 , 0,0,0,  0.00,0.00,0.00,0.00,0.00,2906.00,0.00,0.00,0.00,
23:34:44.434 , 0,0,0,  0.00,0.00,0.00,0.00,0.00,2909.00,0.00,0.00,0.00,
23:34:44.434 , 0,0,0,  0.00,0.00,0.00,0.00,0.00,2909.00,0.00,0.00,0.00,
23:34:44.434 , 0,0,0,  0.00,0.00,0.00,0.00,0.00,2907.00,0.00,0.00,0.00,
23:34:44.434 , 0,0,0,  0.00,0.00,0.00,0.00,0.00,2909.00,0.00,0.00,0.00,
23:34:44.434 , 0,0,0,  0.00,0.00,0.00,0.00,0.00,2909.00,0.00,0.00,0.00,
23:34:44.434 , 0,0,0,  0.00,0.00,0.00,0.00,0.00,2910.00,0.00,0.00,0.00,
23:34:44.434 , 0,0,0,  0.00,0.00,0.00,0.00,0.00,2906.00,0.00,0.00,0.00,
23:34:44.434 , 0,0,0,  0.00,0.00,0.00,0.00,0.00,2909.00,0.00,0.00,0.00,
23:34:44.434 , 0,0,0,  0.00,0.00,0.00,0.00,0.00,2909.00,0.00,0.00,0.00,
23:34:44.482 , 0,0,0,  0.00,0.00,0.00,0.00,0.00,2909.00,0.00,0.00,0.00,
23:34:44.482 , 0,0,0,  0.00,0.00,0.00,0.00,0.00,2903.00,0.00,0.00,0.00,
23:34:44.482 , 0,0,0,  0.00,0.00,0.00,0.00,0.00,2909.00,0.00,0.00,0.00,
23:34:44.482 , 0,0,0,  0.00,0.00,0.00,0.00,0.00,2907.00,0.00,0.00,0.00,
23:34:44.482 , 0,0,0,  0.00,0.00,0.00,0.00,0.00,2906.00,0.00,0.00,0.00,
23:34:44.482 , 0,0,0,  0.00,0.00,0.00,0.00,0.00,2908.00,0.00,0.00,0.00,
23:34:44.482 , 0,0,0,  0.00,0.00,0.00,0.00,0.00,2909.00,0.00,0.00,0.00,
23:34:44.482 , 0,0,0,  0.00,0.00,0.00,0.00,0.00,2909.00,0.00,0.00,0.00,
23:34:44.482 , 0,0,0,  0.00,0.00,0.00,0.00,0.00,2906.00,0.00,0.00,0.00,
23:34:44.529 , 0,0,0,  0.00,0.00,0.00,0.00,0.00,2907.00,0.00,0.00,0.00,
23:34:44.529 , 0,0,0,  0.00,0.00,0.00,0.00,0.00,2908.00,0.00,0.00,0.00,
23:34:44.529 , 0,0,0,  0.00,0.00,0.00,0.00,0.00,2910.00,0.00,0.00,0.00,
23:34:44.529 , 0,0,0,  0.00,0.00,0.00,0.00,0.00,2907.00,0.00,0.00,0.00,
23:34:44.529 , 0,0,0,  0.00,0.00,0.00,0.00,0.00,2909.00,0.00,0.00,0.00,
23:34:44.529 , 0,0,0,  0.00,0.00,0.00,0.00,0.00,2908.00,0.00,0.00,0.00,
23:34:44.529 , 0,0,0,  0.00,0.00,0.00,0.00,0.00,2909.00,0.00,0.00,0.00,
23:34:44.529 , 0,0,0,  0.00,0.00,0.00,0.00,0.00,2908.00,0.00,0.00,0.00,
23:34:44.529 , 0,0,0,  0.00,0.00,0.00,0.00,0.00,2906.00,0.00,0.00,0.00,
23:34:44.575 , 0,0,0,  0.00,0.00,0.00,0.00,0.00,2908.00,0.00,0.00,0.00,
23:34:44.575 , 0,0,0,  0.00,0.00,15.00,0.00,0.00,2907.00,0.00,0.00,0.00,
23:34:44.575 , 0,0,0,  0.00,0.00,0.00,0.00,0.00,2909.00,0.00,0.00,0.00,
23:34:44.575 , 0,0,0,  0.00,0.00,0.00,0.00,0.00,2907.00,0.00,0.00,0.00,
23:34:44.575 , 0,0,0,  0.00,0.00,0.00,0.00,0.00,2906.00,0.00,0.00,0.00,
23:34:44.575 , 0,0,0,  0.00,0.00,0.00,0.00,0.00,2905.00,0.00,0.00,0.00,
23:34:44.575 , 0,0,0,  0.00,0.00,0.00,0.00,0.00,2909.00,0.00,0.00,0.00,
23:34:44.575 , 0,0,0,  0.00,0.00,0.00,0.00,0.00,2904.00,0.00,0.00,0.00,
23:34:44.575 , 0,0,0,  0.00,0.00,0.00,0.00,0.00,2910.00,0.00,0.00,0.00,
23:34:44.575 , 0,0,0,  0.00,0.00,0.00,0.00,0.00,2914.00,0.00,0.00,0.00,
23:34:44.622 , 0,0,0,  0.00,0.00,0.00,0.00,0.00,2903.00,0.00,0.00,0.00,
23:34:44.622 , 0,0,0,  0.00,0.00,0.00,0.00,0.00,2901.00,0.00,0.00,0.00,
23:34:44.622 , 0,0,0,  0.00,0.00,0.00,0.00,0.00,2909.00,0.00,0.00,0.00,
23:34:44.622 , 0,0,0,  0.00,0.00,0.00,0.00,0.00,2913.00,0.00,0.00,0.00,
23:34:44.622 , 0,0,0,  0.00,0.00,0.00,0.00,0.00,2909.00,0.00,0.00,0.00,
23:34:44.622 , 0,0,0,  0.00,0.00,0.00,0.00,0.00,2909.00,0.00,0.00,0.00,
23:34:44.622 , 0,0,0,  0.00,0.00,0.00,0.00,0.00,2909.00,0.00,0.00,0.00,
23:34:44.622 , 0,0,0,  0.00,0.00,0.00,0.00,0.00,2908.00,0.00,0.00,0.00,
23:34:44.622 , 0,0,0,  0.00,0.00,0.00,0.00,0.00,2907.00,0.00,0.00,0.00,
23:34:44.669 , 0,0,0,  0.00,0.00,0.00,0.00,0.00,2908.00,0.00,0.00,0.00,
23:34:44.669 , 0,0,0,  0.00,0.00,0.00,0.00,0.00,2910.00,0.00,0.00,0.00,
23:34:44.669 , 0,0,0,  0.00,0.00,2.00,0.00,0.00,2909.00,0.00,0.00,0.00,
23:34:44.669 , 0,0,0,  0.00,0.00,0.00,0.00,0.00,2909.00,0.00,0.00,0.00,
23:34:44.669 , 0,0,0,  0.00,0.00,0.00,0.00,0.00,2910.00,0.00,0.00,0.00,
23:34:44.669 , 0,0,0,  0.00,0.00,0.00,0.00,0.00,2911.00,0.00,0.00,0.00,
23:34:44.669 , 0,0,0,  0.00,0.00,0.00,0.00,0.00,2909.00,0.00,0.00,0.00,
23:34:44.669 , 0,0,0,  0.00,0.00,0.00,0.00,0.00,2910.00,0.00,0.00,0.00,
23:34:44.669 , 0,0,0,  0.00,0.00,0.00,0.00,0.00,2909.00,0.00,0.00,0.00,
23:34:44.716 , 0,0,0,  0.00,0.00,0.00,0.00,0.00,2911.00,0.00,0.00,0.00,
23:34:44.716 , 0,0,0,  0.00,0.00,0.00,0.00,0.00,2907.00,0.00,0.00,0.00,
23:34:44.716 , 0,0,0,  0.00,0.00,0.00,0.00,0.00,2910.00,0.00,0.00,0.00,
23:34:44.716 , 0,0,0,  0.00,0.00,0.00,0.00,0.00,2909.00,0.00,0.00,0.00,
23:34:44.716 , 0,0,0,  0.00,0.00,0.00,0.00,0.00,2911.00,0.00,0.00,0.00,
23:34:44.716 , 0,0,0,  0.00,0.00,0.00,0.00,0.00,2907.00,0.00,0.00,0.00,
23:34:44.716 , 0,0,0,  0.00,0.00,0.00,0.00,0.00,2909.00,0.00,0.00,0.00,
23:34:44.716 , 0,0,0,  0.00,0.00,0.00,0.00,0.00,2907.00,0.00,0.00,0.00,
23:34:44.716 , 0,0,0,  0.00,0.00,0.00,0.00,0.00,2906.00,0.00,0.00,0.00,
23:34:44.716 , 0,0,0,  0.00,0.00,0.00,0.00,0.00,2906.00,0.00,0.00,0.00,
23:34:44.763 , 0,0,0,  0.00,0.00,0.00,0.00,0.00,2908.00,0.00,0.00,0.00,
23:34:44.763 , 0,0,0,  0.00,0.00,0.00,0.00,0.00,2906.00,0.00,0.00,0.00,
23:34:44.763 , 0,0,0,  0.00,0.00,0.00,0.00,0.00,2909.00,0.00,0.00,0.00,
23:34:44.763 , 0,0,0,  0.00,0.00,0.00,0.00,0.00,2907.00,0.00,0.00,0.00,
23:34:44.763 , 0,0,0,  0.00,0.00,0.00,0.00,0.00,2907.00,0.00,0.00,0.00,
23:34:44.763 , 0,0,0,  0.00,0.00,0.00,0.00,0.00,2908.00,0.00,0.00,0.00,
23:34:44.763 , 0,0,0,  0.00,0.00,0.00,0.00,0.00,2903.00,0.00,0.00,0.00,
23:34:44.763 , 0,0,0,  0.00,0.00,0.00,0.00,0.00,2907.00,0.00,0.00,0.00,
23:34:44.763 , 0,0,0,  0.00,0.00,0.00,0.00,0.00,2907.00,0.00,0.00,0.00,
23:34:44.812 , 0,0,0,  0.00,0.00,0.00,0.00,0.00,2906.00,0.00,0.00,0.00,
23:34:44.812 , 0,0,0,  0.00,0.00,0.00,0.00,0.00,2906.00,0.00,0.00,0.00,
23:34:44.812 , 0,0,0,  0.00,0.00,0.00,0.00,0.00,2907.00,0.00,0.00,0.00,
23:34:44.812 , 0,0,0,  0.00,0.00,0.00,0.00,0.00,2908.00,0.00,0.00,0.00,
23:34:44.812 , 0,0,0,  0.00,0.00,0.00,0.00,0.00,2903.00,0.00,0.00,0.00,
23:34:44.812 , 0,0,0,  0.00,0.00,0.00,0.00,0.00,2905.00,0.00,0.00,0.00,
23:34:44.812 , 0,0,0,  0.00,0.00,0.00,0.00,0.00,2909.00,0.00,0.00,0.00,
23:34:44.812 , 0,0,0,  0.00,0.00,0.00,0.00,0.00,2909.00,0.00,0.00,0.00,
23:34:44.812 , 0,0,0,  0.00,0.00,0.00,0.00,0.00,2907.00,0.00,0.00,0.00,
23:34:44.858 , 0,0,0,  0.00,0.00,0.00,0.00,0.00,2907.00,0.00,0.00,0.00,
23:34:44.858 , 0,0,0,  0.00,0.00,0.00,0.00,0.00,2907.00,0.00,0.00,0.00,
23:34:44.858 , 0,0,0,  0.00,0.00,0.00,0.00,0.00,2908.00,0.00,0.00,0.00,
23:34:44.858 , 0,0,0,  0.00,0.00,0.00,0.00,0.00,2906.00,0.00,0.00,0.00,
23:34:44.858 , 0,0,0,  0.00,0.00,0.00,0.00,0.00,2903.00,0.00,0.00,0.00,
23:34:44.858 , 0,0,0,  0.00,0.00,0.00,0.00,0.00,2907.00,0.00,0.00,0.00,
23:34:44.858 , 0,0,0,  0.00,0.00,0.00,0.00,0.00,2910.00,0.00,0.00,0.00,
23:34:44.858 , 0,0,0,  0.00,0.00,0.00,0.00,0.00,2896.00,0.00,0.00,0.00,
23:34:44.858 , 0,0,0,  0.00,0.00,0.00,0.00,0.00,2907.00,0.00,0.00,0.00,
23:34:44.858 , 0,0,0,  0.00,0.00,0.00,0.00,0.00,2907.00,0.00,0.00,0.00,
23:34:44.905 , 0,0,0,  0.00,0.00,0.00,0.00,0.00,2906.00,0.00,0.00,0.00,
23:34:44.905 , 0,0,0,  0.00,0.00,0.00,0.00,0.00,2907.00,0.00,0.00,0.00,
23:34:44.905 , 0,0,0,  0.00,0.00,0.00,0.00,0.00,2906.00,0.00,0.00,0.00,
23:34:44.905 , 0,0,0,  0.00,0.00,0.00,0.00,0.00,2907.00,0.00,0.00,0.00,
23:34:44.905 , 0,0,0,  0.00,0.00,0.00,0.00,0.00,2906.00,0.00,0.00,0.00,
23:34:44.905 , 0,0,0,  0.00,0.00,0.00,0.00,0.00,2905.00,0.00,0.00,0.00,
23:34:44.905 , 0,0,0,  0.00,0.00,0.00,0.00,0.00,2909.00,0.00,0.00,0.00,
23:34:44.905 , 0,0,0,  0.00,0.00,0.00,0.00,0.00,2909.00,0.00,0.00,0.00,
23:34:44.905 , 0,0,0,  0.00,0.00,0.00,0.00,0.00,2907.00,0.00,0.00,0.00,
23:34:44.953 , 0,0,0,  0.00,0.00,0.00,0.00,0.00,2907.00,0.00,0.00,0.00,
23:34:44.953 , 0,0,0,  0.00,0.00,0.00,0.00,0.00,2905.00,0.00,0.00,0.00,
23:34:44.953 , 0,0,0,  0.00,0.00,0.00,0.00,0.00,2909.00,0.00,0.00,0.00,
23:34:44.953 , 0,0,0,  0.00,0.00,0.00,0.00,0.00,2906.00,0.00,0.00,0.00,
23:34:44.953 , 0,0,0,  0.00,0.00,0.00,0.00,0.00,2906.00,0.00,0.00,0.00,
23:34:44.953 , 0,0,0,  0.00,0.00,0.00,0.00,0.00,2908.00,0.00,0.00,0.00,
23:34:44.953 , 0,0,0,  0.00,0.00,0.00,0.00,0.00,2909.00,0.00,0.00,0.00,
23:34:44.953 , 0,0,0,  0.00,0.00,0.00,0.00,0.00,2909.00,0.00,0.00,0.00,
23:34:44.953 , 0,0,0,  0.00,0.00,0.00,0.00,0.00,2907.00,0.00,0.00,0.00,
23:34:44.953 , 0,0,0,  0.00,0.00,0.00,0.00,0.00,2910.00,0.00,0.00,0.00,
23:34:45.001 , 0,0,0,  0.00,0.00,0.00,0.00,0.00,2909.00,0.00,0.00,0.00,
23:34:45.001 , 0,0,0,  0.00,0.00,0.00,0.00,0.00,2908.00,0.00,0.00,0.00,
23:34:45.001 , 0,0,0,  0.00,0.00,0.00,0.00,0.00,2905.00,0.00,0.00,0.00,
23:34:45.001 , 0,0,0,  0.00,0.00,0.00,0.00,0.00,2910.00,0.00,0.00,0.00,
23:34:45.001 , 0,0,0,  0.00,0.00,0.00,0.00,0.00,2906.00,0.00,0.00,0.00,
23:34:45.001 , 0,0,0,  0.00,0.00,0.00,0.00,0.00,2906.00,0.00,0.00,0.00,
23:34:45.001 , 0,0,0,  0.00,0.00,0.00,0.00,0.00,2907.00,0.00,0.00,0.00,
23:34:45.001 , 0,0,0,  0.00,0.00,0.00,0.00,0.00,2907.00,0.00,0.00,0.00,
23:34:45.001 , 0,0,0,  0.00,0.00,0.00,0.00,0.00,2907.00,0.00,0.00,0.00,
23:34:45.047 , 0,0,0,  0.00,0.00,0.00,0.00,0.00,2907.00,0.00,0.00,0.00,
23:34:45.047 , 0,0,0,  0.00,0.00,0.00,0.00,0.00,2907.00,0.00,0.00,0.00,
23:34:45.047 , 0,0,0,  0.00,0.00,0.00,0.00,0.00,2907.00,0.00,0.00,0.00,
23:34:45.047 , 0,0,0,  0.00,0.00,0.00,0.00,0.00,2909.00,0.00,0.00,0.00,
23:34:45.047 , 0,0,0,  0.00,0.00,0.00,0.00,0.00,2909.00,0.00,0.00,0.00,
23:34:45.047 , 0,0,0,  0.00,0.00,0.00,0.00,0.00,2907.00,0.00,0.00,0.00,
23:34:45.047 , 0,0,0,  0.00,0.00,0.00,0.00,0.00,2907.00,0.00,0.00,0.00,
23:34:45.047 , 0,0,0,  0.00,0.00,0.00,0.00,0.00,2907.00,0.00,0.00,0.00,
23:34:45.047 , 0,0,0,  0.00,0.00,0.00,0.00,0.00,2907.00,0.00,0.00,0.00,
23:34:45.094 , 0,0,0,  0.00,0.00,0.00,0.00,0.00,2910.00,0.00,0.00,0.00,
23:34:45.094 , 0,0,0,  0.00,0.00,0.00,0.00,0.00,2906.00,0.00,0.00,0.00,
23:34:45.094 , 0,0,0,  0.00,0.00,0.00,0.00,0.00,2909.00,0.00,0.00,0.00,
23:34:45.094 , 0,0,0,  0.00,0.00,0.00,0.00,0.00,2909.00,0.00,0.00,0.00,
23:34:45.094 , 0,0,0,  0.00,0.00,0.00,0.00,0.00,2908.00,0.00,0.00,0.00,
23:34:45.094 , 0,0,0,  0.00,0.00,0.00,0.00,0.00,2906.00,0.00,0.00,0.00,
23:34:45.094 , 0,0,0,  0.00,0.00,0.00,0.00,0.00,2909.00,0.00,0.00,0.00,
23:34:45.094 , 0,0,0,  0.00,0.00,0.00,0.00,0.00,2903.00,0.00,0.00,0.00,
23:34:45.094 , 0,0,0,  0.00,0.00,0.00,0.00,0.00,2912.00,0.00,0.00,0.00,
23:34:45.094 , 0,0,0,  0.00,0.00,0.00,0.00,0.00,2910.00,0.00,0.00,0.00,
23:34:45.141 , 0,0,0,  0.00,0.00,0.00,0.00,0.00,2912.00,0.00,0.00,0.00,
23:34:45.141 , 0,0,0,  0.00,0.00,0.00,0.00,0.00,2912.00,0.00,0.00,0.00,
23:34:45.141 , 0,0,0,  0.00,0.00,0.00,0.00,0.00,2910.00,0.00,0.00,0.00,
23:34:45.141 , 0,0,0,  0.00,0.00,0.00,0.00,0.00,2909.00,0.00,0.00,0.00,
23:34:45.141 , 0,0,0,  0.00,0.00,0.00,0.00,0.00,2912.00,0.00,0.00,0.00,
23:34:45.141 , 0,0,0,  0.00,0.00,0.00,0.00,0.00,2910.00,0.00,0.00,0.00,
23:34:45.141 , 0,0,0,  0.00,0.00,0.00,0.00,0.00,2911.00,0.00,0.00,0.00,
23:34:45.141 , 0,0,0,  0.00,0.00,0.00,0.00,0.00,2914.00,0.00,0.00,0.00,
23:34:45.141 , 0,0,0,  0.00,0.00,0.00,0.00,0.00,2912.00,0.00,0.00,0.00,
23:34:45.189 , 0,0,0,  0.00,0.00,0.00,0.00,0.00,2911.00,0.00,0.00,0.00,
23:34:45.189 , 0,0,0,  0.00,0.00,0.00,0.00,0.00,2911.00,0.00,0.00,0.00,
23:34:45.189 , 0,0,0,  0.00,0.00,0.00,0.00,0.00,2912.00,0.00,0.00,0.00,
23:34:45.189 , 0,0,0,  0.00,0.00,0.00,0.00,0.00,2913.00,0.00,0.00,0.00,
23:34:45.189 , 0,0,0,  0.00,0.00,0.00,0.00,0.00,2909.00,0.00,0.00,0.00,
23:34:45.189 , 0,0,0,  0.00,0.00,0.00,0.00,0.00,2909.00,0.00,0.00,0.00,
23:34:45.189 , 0,0,0,  0.00,0.00,0.00,0.00,0.00,2913.00,0.00,0.00,0.00,
23:34:45.189 , 0,0,0,  0.00,0.00,0.00,0.00,0.00,2913.00,0.00,0.00,0.00,
23:34:45.189 , 0,0,0,  0.00,0.00,0.00,0.00,0.00,2913.00,0.00,0.00,0.00,
23:34:45.235 , 0,0,0,  0.00,0.00,0.00,0.00,0.00,2911.00,0.00,0.00,0.00,
23:34:45.235 , 0,0,0,  0.00,0.00,0.00,0.00,0.00,2911.00,0.00,0.00,0.00,
23:34:45.235 , 0,0,0,  0.00,0.00,0.00,0.00,0.00,2914.00,0.00,0.00,0.00,
23:34:45.235 , 0,0,0,  0.00,0.00,0.00,0.00,0.00,2911.00,0.00,0.00,0.00,
23:34:45.235 , 0,0,0,  0.00,0.00,0.00,0.00,0.00,2910.00,0.00,0.00,0.00,
23:34:45.235 , 0,0,0,  0.00,0.00,0.00,0.00,0.00,2919.00,0.00,0.00,0.00,
23:34:45.235 , 0,0,0,  0.00,0.00,0.00,0.00,0.00,2914.00,0.00,0.00,0.00,
23:34:45.235 , 0,0,0,  0.00,0.00,0.00,0.00,0.00,2911.00,0.00,0.00,0.00,
23:34:45.235 , 0,0,0,  0.00,0.00,0.00,0.00,0.00,2913.00,0.00,0.00,0.00,
23:34:45.235 , 0,0,0,  0.00,0.00,0.00,0.00,0.00,2912.00,0.00,0.00,0.00,
23:34:45.282 , 0,0,0,  0.00,0.00,0.00,0.00,0.00,2913.00,0.00,0.00,0.00,
23:34:45.282 , 0,0,0,  0.00,0.00,0.00,0.00,0.00,2911.00,0.00,0.00,0.00,
23:34:45.282 , 0,0,0,  0.00,0.00,0.00,0.00,0.00,2912.00,0.00,0.00,0.00,
23:34:45.282 , 0,0,0,  0.00,0.00,0.00,0.00,0.00,2913.00,0.00,0.00,0.00,
23:34:45.282 , 0,0,0,  0.00,0.00,0.00,0.00,0.00,2911.00,0.00,0.00,0.00,
23:34:45.282 , 0,0,0,  0.00,0.00,0.00,0.00,0.00,2910.00,0.00,0.00,0.00,
23:34:45.282 , 0,0,0,  0.00,0.00,0.00,0.00,0.00,2912.00,0.00,0.00,0.00,
23:34:45.282 , 0,0,0,  0.00,0.00,0.00,0.00,0.00,2914.00,0.00,0.00,0.00,
23:34:45.282 , 0,0,0,  0.00,0.00,0.00,0.00,0.00,2911.00,0.00,0.00,0.00,
23:34:45.331 , 0,0,0,  0.00,0.00,0.00,0.00,0.00,2912.00,0.00,0.00,0.00,
23:34:45.331 , 0,0,0,  0.00,0.00,0.00,0.00,0.00,2913.00,0.00,0.00,0.00,
23:34:45.331 , 0,0,0,  0.00,0.00,0.00,0.00,0.00,2916.00,0.00,0.00,0.00,
23:34:45.331 , 0,0,0,  0.00,0.00,0.00,0.00,0.00,2912.00,0.00,0.00,0.00,
23:34:45.331 , 0,0,0,  0.00,0.00,0.00,0.00,0.00,2914.00,0.00,0.00,0.00,
23:34:45.331 , 0,0,0,  0.00,0.00,0.00,0.00,0.00,2911.00,0.00,0.00,0.00,
23:34:45.331 , 0,0,0,  0.00,0.00,0.00,0.00,0.00,2912.00,0.00,0.00,0.00,
23:34:45.331 , 0,0,0,  0.00,0.00,0.00,0.00,0.00,2913.00,0.00,0.00,0.00,
23:34:45.331 , 0,0,0,  0.00,0.00,0.00,0.00,0.00,2912.00,0.00,0.00,0.00,
23:34:45.377 , 0,0,0,  0.00,0.00,0.00,0.00,0.00,2914.00,0.00,0.00,0.00,
23:34:45.377 , 0,0,0,  0.00,0.00,0.00,0.00,0.00,2912.00,0.00,0.00,0.00,
23:34:45.377 , 0,0,0,  0.00,0.00,0.00,0.00,0.00,2913.00,0.00,0.00,0.00,
23:34:45.377 , 0,0,0,  0.00,0.00,0.00,0.00,0.00,2917.00,0.00,0.00,0.00,
23:34:45.377 , 0,0,0,  0.00,0.00,0.00,0.00,0.00,2916.00,0.00,0.00,0.00,
23:34:45.377 , 0,0,0,  0.00,0.00,0.00,0.00,0.00,2915.00,0.00,0.00,0.00,
23:34:45.377 , 0,0,0,  0.00,0.00,0.00,0.00,0.00,2916.00,0.00,0.00,0.00,
23:34:45.377 , 0,0,0,  0.00,0.00,0.00,0.00,0.00,2916.00,0.00,0.00,0.00,
23:34:45.377 , 0,0,0,  0.00,0.00,0.00,0.00,0.00,2918.00,0.00,0.00,0.00,
23:34:45.377 , 0,0,0,  0.00,0.00,0.00,0.00,0.00,2916.00,0.00,0.00,0.00,
23:34:45.425 , 0,0,0,  0.00,0.00,0.00,0.00,0.00,2918.00,0.00,0.00,0.00,
23:34:45.425 , 0,0,0,  0.00,0.00,0.00,0.00,0.00,2915.00,0.00,0.00,0.00,
23:34:45.425 , 0,0,0,  0.00,0.00,0.00,0.00,0.00,2920.00,0.00,0.00,0.00,
23:34:45.425 , 0,0,0,  0.00,0.00,0.00,0.00,0.00,2917.00,0.00,0.00,0.00,
23:34:45.425 , 0,0,0,  0.00,0.00,0.00,0.00,0.00,2917.00,0.00,0.00,0.00,
23:34:45.425 , 0,0,0,  0.00,0.00,0.00,0.00,0.00,2917.00,0.00,0.00,0.00,
23:34:45.425 , 0,0,0,  0.00,0.00,0.00,0.00,0.00,2917.00,0.00,0.00,0.00,
23:34:45.425 , 0,0,0,  0.00,0.00,0.00,0.00,0.00,2921.00,0.00,0.00,0.00,
23:34:45.425 , 0,0,0,  0.00,0.00,0.00,0.00,0.00,2917.00,0.00,0.00,0.00,
23:34:45.472 , 0,0,0,  0.00,0.00,0.00,0.00,0.00,2918.00,0.00,0.00,0.00,
23:34:45.472 , 0,0,0,  0.00,0.00,0.00,0.00,0.00,2916.00,0.00,0.00,0.00,
23:34:45.472 , 0,0,0,  0.00,0.00,0.00,0.00,0.00,2919.00,0.00,0.00,0.00,
23:34:45.472 , 0,0,0,  0.00,0.00,0.00,0.00,0.00,2919.00,0.00,0.00,0.00,
23:34:45.472 , 0,0,0,  0.00,0.00,0.00,0.00,0.00,2918.00,0.00,0.00,0.00,
23:34:45.472 , 0,0,0,  0.00,0.00,0.00,0.00,0.00,2920.00,0.00,0.00,0.00,
23:34:45.472 , 0,0,0,  0.00,0.00,0.00,0.00,0.00,2921.00,0.00,0.00,0.00,
23:34:45.472 , 0,0,0,  0.00,0.00,0.00,0.00,0.00,2918.00,0.00,0.00,0.00,
23:34:45.472 , 0,0,0,  0.00,0.00,0.00,0.00,0.00,2921.00,0.00,0.00,0.00,
23:34:45.472 , 0,0,0,  0.00,0.00,0.00,0.00,0.00,2919.00,0.00,0.00,0.00,
23:34:45.519 , 0,0,0,  0.00,0.00,0.00,0.00,0.00,2918.00,0.00,0.00,0.00,
23:34:45.519 , 0,0,0,  0.00,0.00,0.00,0.00,0.00,2922.00,0.00,0.00,0.00,
23:34:45.519 , 0,0,0,  0.00,0.00,0.00,0.00,0.00,2917.00,0.00,0.00,0.00,
23:34:45.519 , 0,0,0,  0.00,0.00,0.00,0.00,0.00,2916.00,0.00,0.00,0.00,
23:34:45.519 , 0,0,0,  0.00,0.00,0.00,0.00,0.00,2919.00,0.00,0.00,0.00,
23:34:45.519 , 0,0,0,  0.00,0.00,0.00,0.00,0.00,2917.00,0.00,0.00,0.00,
23:34:45.519 , 0,0,0,  0.00,0.00,0.00,0.00,0.00,2917.00,0.00,0.00,0.00,
23:34:45.519 , 0,0,0,  0.00,0.00,0.00,0.00,0.00,2919.00,0.00,0.00,0.00,
23:34:45.519 , 0,0,0,  0.00,0.00,0.00,0.00,0.00,2918.00,0.00,0.00,0.00,
23:34:45.566 , 0,0,0,  0.00,0.00,0.00,0.00,0.00,2922.00,0.00,0.00,0.00,
23:34:45.566 , 0,0,0,  0.00,0.00,0.00,0.00,0.00,2917.00,0.00,0.00,0.00,
23:34:45.566 , 0,0,0,  0.00,0.00,0.00,0.00,0.00,2921.00,0.00,0.00,0.00,
23:34:45.566 , 0,0,0,  0.00,0.00,0.00,0.00,0.00,2919.00,0.00,0.00,0.00,
23:34:45.566 , 0,0,0,  0.00,0.00,0.00,0.00,0.00,2919.00,0.00,0.00,0.00,
23:34:45.566 , 0,0,0,  0.00,0.00,0.00,0.00,0.00,2917.00,0.00,0.00,0.00,
23:34:45.566 , 0,0,0,  0.00,0.00,0.00,0.00,0.00,2917.00,0.00,0.00,0.00,
23:34:45.566 , 0,0,0,  0.00,0.00,0.00,0.00,0.00,2919.00,0.00,0.00,0.00,
23:34:45.566 , 0,0,0,  0.00,0.00,0.00,0.00,0.00,2919.00,0.00,0.00,0.00,
23:34:45.613 , 0,0,0,  0.00,0.00,0.00,0.00,0.00,2919.00,0.00,0.00,0.00,
23:34:45.613 , 0,0,0,  0.00,0.00,0.00,0.00,0.00,2917.00,0.00,0.00,0.00,
23:34:45.613 , 0,0,0,  0.00,0.00,0.00,0.00,0.00,2920.00,0.00,0.00,0.00,
23:34:45.613 , 0,0,0,  0.00,0.00,0.00,0.00,0.00,2915.00,0.00,0.00,0.00,
23:34:45.613 , 0,0,0,  0.00,0.00,0.00,0.00,0.00,2919.00,0.00,0.00,0.00,
23:34:45.613 , 0,0,0,  0.00,0.00,0.00,0.00,0.00,2922.00,0.00,0.00,0.00,
23:34:45.613 , 0,0,0,  0.00,0.00,0.00,0.00,0.00,2919.00,0.00,0.00,0.00,
23:34:45.613 , 0,0,0,  0.00,0.00,0.00,0.00,0.00,2917.00,0.00,0.00,0.00,
23:34:45.613 , 0,0,0,  0.00,0.00,0.00,0.00,0.00,2923.00,0.00,0.00,0.00,
23:34:45.613 , 0,0,0,  0.00,0.00,0.00,0.00,0.00,2919.00,0.00,0.00,0.00,
23:34:45.660 , 0,0,0,  0.00,0.00,0.00,0.00,0.00,2919.00,0.00,0.00,0.00,
23:34:45.660 , 0,0,0,  0.00,0.00,0.00,0.00,0.00,2917.00,0.00,0.00,0.00,
23:34:45.660 , 0,0,0,  0.00,0.00,0.00,0.00,0.00,2918.00,0.00,0.00,0.00,
23:34:45.660 , 0,0,0,  0.00,0.00,0.00,0.00,0.00,2915.00,0.00,0.00,0.00,
23:34:45.660 , 0,0,0,  0.00,0.00,0.00,0.00,0.00,2918.00,0.00,0.00,0.00,
23:34:45.660 , 0,0,0,  0.00,0.00,0.00,0.00,0.00,2916.00,0.00,0.00,0.00,
23:34:45.660 , 0,0,0,  0.00,0.00,0.00,0.00,0.00,2920.00,0.00,0.00,0.00,
23:34:45.660 , 0,0,0,  0.00,0.00,0.00,0.00,0.00,2919.00,0.00,0.00,0.00,
23:34:45.660 , 0,0,0,  0.00,0.00,0.00,0.00,0.00,2917.00,0.00,0.00,0.00,
23:34:45.708 , 0,0,0,  0.00,0.00,0.00,0.00,0.00,2919.00,0.00,0.00,0.00,
23:34:45.708 , 0,0,0,  0.00,0.00,0.00,0.00,0.00,2918.00,0.00,0.00,0.00,
23:34:45.708 , 0,0,0,  0.00,0.00,0.00,0.00,0.00,2918.00,0.00,0.00,0.00,
23:34:45.708 , 0,0,0,  0.00,0.00,0.00,0.00,0.00,2919.00,0.00,0.00,0.00,
23:34:45.708 , 0,0,0,  0.00,0.00,0.00,0.00,0.00,2918.00,0.00,0.00,0.00,
23:34:45.708 , 0,0,0,  0.00,0.00,0.00,0.00,0.00,2919.00,0.00,0.00,0.00,
23:34:45.708 , 0,0,0,  0.00,0.00,0.00,0.00,0.00,2918.00,0.00,0.00,0.00,
23:34:45.708 , 0,0,0,  0.00,0.00,0.00,0.00,0.00,2919.00,0.00,0.00,0.00,
23:34:45.708 , 0,0,0,  0.00,0.00,0.00,0.00,0.00,2923.00,0.00,0.00,0.00,
23:34:45.708 , 0,0,0,  0.00,0.00,0.00,0.00,0.00,2921.00,0.00,0.00,0.00,
23:34:45.756 , 0,0,0,  0.00,0.00,0.00,0.00,0.00,2919.00,0.00,0.00,0.00,
23:34:45.756 , 0,0,0,  0.00,0.00,0.00,0.00,0.00,2917.00,0.00,0.00,0.00,
23:34:45.756 , 0,0,0,  0.00,0.00,0.00,0.00,0.00,2917.00,0.00,0.00,0.00,
23:34:45.756 , 0,0,0,  0.00,0.00,0.00,0.00,0.00,2922.00,0.00,0.00,0.00,
23:34:45.756 , 0,0,0,  0.00,0.00,0.00,0.00,0.00,2917.00,0.00,0.00,0.00,
23:34:45.756 , 0,0,0,  0.00,0.00,0.00,0.00,0.00,2918.00,0.00,0.00,0.00,
23:34:45.756 , 0,0,0,  0.00,0.00,0.00,0.00,0.00,2918.00,0.00,0.00,0.00,
23:34:45.756 , 0,0,0,  0.00,0.00,0.00,0.00,0.00,2918.00,0.00,0.00,0.00,
23:34:45.756 , 0,0,0,  0.00,0.00,0.00,0.00,0.00,2918.00,0.00,0.00,0.00,
23:34:45.803 , 0,0,0,  0.00,0.00,0.00,0.00,0.00,2918.00,0.00,0.00,0.00,
23:34:45.803 , 0,0,0,  0.00,0.00,0.00,0.00,0.00,2922.00,0.00,0.00,0.00,
23:34:45.803 , 0,0,0,  0.00,0.00,0.00,0.00,0.00,2917.00,0.00,0.00,0.00,
23:34:45.803 , 0,0,0,  0.00,0.00,0.00,0.00,0.00,2918.00,0.00,0.00,0.00,
23:34:45.803 , 0,0,0,  0.00,0.00,0.00,0.00,0.00,2919.00,0.00,0.00,0.00,
23:34:45.803 , 0,0,0,  0.00,0.00,0.00,0.00,0.00,2919.00,0.00,0.00,0.00,
23:34:45.803 , 0,0,0,  0.00,0.00,0.00,0.00,0.00,2917.00,0.00,0.00,0.00,
23:34:45.803 , 0,0,0,  0.00,0.00,0.00,0.00,0.00,2918.00,0.00,0.00,0.00,
23:34:45.803 , 0,0,0,  0.00,0.00,0.00,0.00,0.00,2918.00,0.00,0.00,0.00,
23:34:45.849 , 0,0,0,  0.00,0.00,0.00,0.00,0.00,2919.00,0.00,0.00,0.00,
23:34:45.849 , 0,0,0,  0.00,0.00,0.00,0.00,0.00,2919.00,0.00,0.00,0.00,
23:34:45.849 , 0,0,0,  0.00,0.00,0.00,0.00,0.00,2919.00,0.00,0.00,0.00,
23:34:45.849 , 0,0,0,  0.00,0.00,0.00,0.00,0.00,2919.00,0.00,0.00,0.00,
23:34:45.849 , 0,0,0,  0.00,0.00,0.00,0.00,0.00,2919.00,0.00,0.00,0.00,
23:34:45.849 , 0,0,0,  0.00,0.00,0.00,0.00,0.00,2918.00,0.00,0.00,0.00,
23:34:45.849 , 0,0,0,  0.00,0.00,0.00,0.00,0.00,2918.00,0.00,0.00,0.00,
23:34:45.849 , 0,0,0,  0.00,0.00,0.00,0.00,0.00,2917.00,0.00,0.00,0.00,
23:34:45.849 , 0,0,0,  0.00,0.00,0.00,0.00,0.00,2915.00,0.00,0.00,0.00,
23:34:45.849 , 0,0,0,  0.00,0.00,0.00,0.00,0.00,2915.00,0.00,0.00,0.00,
23:34:45.896 , 0,0,0,  0.00,0.00,0.00,0.00,0.00,2918.00,0.00,0.00,0.00,
23:34:45.896 , 0,0,0,  0.00,0.00,0.00,0.00,0.00,2917.00,0.00,0.00,0.00,
23:34:45.896 , 0,0,0,  0.00,0.00,0.00,0.00,0.00,2915.00,0.00,0.00,0.00,
23:34:45.896 , 0,0,0,  0.00,0.00,0.00,0.00,0.00,2919.00,0.00,0.00,0.00,
23:34:45.896 , 0,0,0,  0.00,0.00,0.00,0.00,0.00,2918.00,0.00,0.00,0.00,
23:34:45.896 , 0,0,0,  0.00,0.00,0.00,0.00,0.00,2918.00,0.00,0.00,0.00,
23:34:45.896 , 0,0,0,  0.00,0.00,0.00,0.00,0.00,2914.00,0.00,0.00,0.00,
23:34:45.896 , 0,0,0,  0.00,0.00,0.00,0.00,0.00,2916.00,0.00,0.00,0.00,
23:34:45.896 , 0,0,0,  0.00,0.00,0.00,0.00,0.00,2917.00,0.00,0.00,0.00,
23:34:45.944 , 0,0,0,  0.00,0.00,0.00,0.00,0.00,2919.00,0.00,0.00,0.00,
23:34:45.944 , 0,0,0,  0.00,0.00,0.00,0.00,0.00,2918.00,0.00,0.00,0.00,
23:34:45.944 , 0,0,0,  0.00,0.00,0.00,0.00,0.00,2917.00,0.00,0.00,0.00,
23:34:45.944 , 0,0,0,  0.00,0.00,0.00,0.00,0.00,2918.00,0.00,0.00,0.00,
23:34:45.944 , 0,0,0,  0.00,0.00,0.00,0.00,0.00,2918.00,0.00,0.00,0.00,
23:34:45.944 , 0,0,0,  0.00,0.00,0.00,0.00,0.00,2918.00,0.00,0.00,0.00,
23:34:45.944 , 0,0,0,  0.00,0.00,0.00,0.00,0.00,2918.00,0.00,0.00,0.00,
23:34:45.944 , 0,0,0,  0.00,0.00,0.00,0.00,0.00,2918.00,0.00,0.00,0.00,
23:34:45.944 , 0,0,0,  0.00,0.00,0.00,0.00,0.00,2918.00,0.00,0.00,0.00,
23:34:45.990 , 0,0,0,  0.00,0.00,0.00,0.00,0.00,2915.00,0.00,0.00,0.00,
23:34:45.990 , 0,0,0,  0.00,0.00,0.00,0.00,0.00,2918.00,0.00,0.00,0.00,
23:34:45.990 , 0,0,0,  0.00,0.00,0.00,0.00,0.00,2918.00,0.00,0.00,0.00,
23:34:45.990 , 0,0,0,  0.00,0.00,0.00,0.00,0.00,2916.00,0.00,0.00,0.00,
23:34:45.990 , 0,0,0,  0.00,0.00,0.00,0.00,0.00,2917.00,0.00,0.00,0.00,
23:34:45.990 , 0,0,0,  0.00,0.00,0.00,0.00,0.00,2919.00,0.00,0.00,0.00,
23:34:45.990 , 0,0,0,  0.00,0.00,0.00,0.00,0.00,2919.00,0.00,0.00,0.00,
23:34:45.990 , 0,0,0,  0.00,0.00,0.00,0.00,0.00,2912.00,0.00,0.00,0.00,
23:34:45.990 , 0,0,0,  0.00,0.00,0.00,0.00,0.00,2915.00,0.00,0.00,0.00,
23:34:45.990 , 0,0,0,  0.00,0.00,0.00,0.00,0.00,2922.00,0.00,0.00,0.00,
23:34:46.038 , 0,0,0,  0.00,0.00,0.00,0.00,0.00,2918.00,0.00,0.00,0.00,
23:34:46.038 , 0,0,0,  0.00,0.00,0.00,0.00,0.00,2923.00,0.00,0.00,0.00,
23:34:46.038 , 0,0,0,  0.00,0.00,0.00,0.00,0.00,2928.00,0.00,0.00,0.00,
23:34:46.038 , 0,0,0,  0.00,0.00,0.00,0.00,0.00,2919.00,0.00,0.00,0.00,
23:34:46.038 , 0,0,0,  0.00,0.00,0.00,0.00,0.00,2918.00,0.00,0.00,0.00,
23:34:46.038 , 0,0,0,  0.00,0.00,0.00,0.00,0.00,2915.00,0.00,0.00,0.00,
23:34:46.038 , 0,0,0,  0.00,0.00,0.00,0.00,0.00,2918.00,0.00,0.00,0.00,
23:34:46.038 , 0,0,0,  0.00,0.00,0.00,0.00,0.00,2918.00,0.00,0.00,0.00,
23:34:46.038 , 0,0,0,  0.00,0.00,0.00,0.00,0.00,2918.00,0.00,0.00,0.00,
23:34:46.084 , 0,0,0,  0.00,0.00,0.00,0.00,0.00,2918.00,0.00,0.00,0.00,
23:34:46.084 , 0,0,0,  0.00,0.00,0.00,0.00,0.00,2918.00,0.00,0.00,0.00,
23:34:46.084 , 0,0,0,  0.00,0.00,0.00,0.00,0.00,2918.00,0.00,0.00,0.00,
23:34:46.084 , 0,0,0,  0.00,0.00,0.00,0.00,0.00,2917.00,0.00,0.00,0.00,
23:34:46.084 , 0,0,0,  0.00,0.00,0.00,0.00,0.00,2916.00,0.00,0.00,0.00,
23:34:46.084 , 0,0,0,  0.00,0.00,0.00,0.00,0.00,2917.00,0.00,0.00,0.00,
23:34:46.084 , 0,0,0,  0.00,0.00,0.00,0.00,0.00,2921.00,0.00,0.00,0.00,
23:34:46.084 , 0,0,0,  0.00,0.00,0.00,0.00,0.00,2917.00,0.00,0.00,0.00,
23:34:46.084 , 0,0,0,  0.00,0.00,0.00,0.00,0.00,2917.00,0.00,0.00,0.00,
23:34:46.130 , 0,0,0,  0.00,0.00,0.00,0.00,0.00,2916.00,0.00,0.00,0.00,
23:34:46.130 , 0,0,0,  0.00,0.00,0.00,0.00,0.00,2919.00,0.00,0.00,0.00,
23:34:46.130 , 0,0,0,  0.00,0.00,0.00,0.00,0.00,2918.00,0.00,0.00,0.00,
23:34:46.130 , 0,0,0,  0.00,0.00,0.00,0.00,0.00,2922.00,0.00,0.00,0.00,
23:34:46.130 , 0,0,0,  0.00,0.00,0.00,0.00,0.00,2922.00,0.00,0.00,0.00,
23:34:46.130 , 0,0,0,  0.00,0.00,0.00,0.00,0.00,2918.00,0.00,0.00,0.00,
23:34:46.130 , 0,0,0,  0.00,0.00,0.00,0.00,0.00,2918.00,0.00,0.00,0.00,
23:34:46.130 , 0,0,0,  0.00,0.00,0.00,0.00,0.00,2921.00,0.00,0.00,0.00,
23:34:46.130 , 0,0,0,  0.00,0.00,0.00,0.00,0.00,2919.00,0.00,0.00,0.00,
23:34:46.177 , 0,0,0,  0.00,0.00,0.00,0.00,0.00,2919.00,0.00,0.00,0.00,
23:34:46.177 , 0,0,0,  0.00,0.00,0.00,0.00,0.00,2922.00,0.00,0.00,0.00,
23:34:46.177 , 0,0,0,  0.00,0.00,0.00,0.00,0.00,2923.00,0.00,0.00,0.00,
23:34:46.177 , 0,0,0,  0.00,0.00,0.00,0.00,0.00,2923.00,0.00,0.00,0.00,
23:34:46.177 , 0,0,0,  0.00,0.00,0.00,0.00,0.00,2921.00,0.00,0.00,0.00,
23:34:46.177 , 0,0,0,  0.00,0.00,0.00,0.00,0.00,2921.00,0.00,0.00,0.00,
23:34:46.177 , 0,0,0,  0.00,0.00,0.00,0.00,0.00,2926.00,0.00,0.00,0.00,
23:34:46.177 , 0,0,0,  0.00,0.00,0.00,0.00,0.00,2924.00,0.00,0.00,0.00,
23:34:46.177 , 0,0,0,  0.00,0.00,0.00,0.00,0.00,2923.00,0.00,0.00,0.00,
23:34:46.224 , 0,0,0,  0.00,0.00,0.00,0.00,0.00,2927.00,0.00,0.00,0.00,
23:34:46.224 , 0,0,0,  0.00,0.00,0.00,0.00,0.00,2928.00,0.00,0.00,0.00,
23:34:46.224 , 0,0,0,  0.00,0.00,0.00,0.00,0.00,2928.00,0.00,0.00,0.00,
23:34:46.224 , 0,0,0,  0.00,0.00,0.00,0.00,0.00,2927.00,0.00,0.00,0.00,
23:34:46.224 , 0,0,0,  0.00,0.00,0.00,0.00,0.00,2928.00,0.00,0.00,0.00,
23:34:46.224 , 0,0,0,  0.00,0.00,0.00,0.00,0.00,2928.00,0.00,0.00,0.00,
23:34:46.224 , 0,0,0,  0.00,0.00,0.00,0.00,0.00,2927.00,0.00,0.00,0.00,
23:34:46.224 , 0,0,0,  0.00,0.00,0.00,0.00,0.00,2928.00,0.00,0.00,0.00,
23:34:46.224 , 0,0,0,  0.00,0.00,0.00,0.00,0.00,2928.00,0.00,0.00,0.00,
23:34:46.224 , 0,0,0,  0.00,0.00,0.00,0.00,0.00,2936.00,0.00,0.00,0.00,
23:34:46.272 , 0,0,0,  0.00,0.00,0.00,0.00,0.00,2928.00,0.00,0.00,0.00,
23:34:46.272 , 0,0,0,  0.00,0.00,0.00,0.00,0.00,2929.00,0.00,0.00,0.00,
23:34:46.272 , 0,0,0,  0.00,0.00,0.00,0.00,0.00,2931.00,0.00,0.00,0.00,
23:34:46.272 , 0,0,0,  0.00,0.00,0.00,0.00,0.00,2933.00,0.00,0.00,0.00,
23:34:46.272 , 0,0,0,  0.00,0.00,0.00,0.00,0.00,2933.00,0.00,0.00,0.00,
23:34:46.272 , 0,0,0,  0.00,0.00,0.00,0.00,0.00,2931.00,0.00,0.00,0.00,
23:34:46.272 , 0,0,0,  0.00,0.00,0.00,0.00,0.00,2940.00,0.00,0.00,0.00,
23:34:46.272 , 0,0,0,  0.00,0.00,0.00,0.00,0.00,2938.00,0.00,0.00,0.00,
23:34:46.272 , 0,0,0,  0.00,0.00,0.00,0.00,0.00,2939.00,0.00,0.00,0.00,
23:34:46.272 , 0,0,0,  0.00,0.00,0.00,0.00,0.00,2944.00,0.00,0.00,0.00,
23:34:46.319 , 0,0,0,  0.00,0.00,0.00,0.00,0.00,2944.00,0.00,0.00,0.00,
23:34:46.319 , 0,0,0,  0.00,0.00,0.00,0.00,0.00,2945.00,0.00,0.00,0.00,
23:34:46.319 , 0,0,0,  0.00,0.00,0.00,0.00,0.00,2949.00,0.00,0.00,0.00,
23:34:46.319 , 0,0,0,  0.00,0.00,0.00,0.00,0.00,2956.00,0.00,0.00,0.00,
23:34:46.319 , 0,0,0,  0.00,0.00,0.00,0.00,0.00,2960.00,0.00,0.00,0.00,
23:34:46.319 , 0,0,0,  0.00,0.00,0.00,0.00,0.00,2961.00,0.00,0.00,0.00,
23:34:46.319 , 0,0,0,  0.00,0.00,0.00,0.00,0.00,2971.00,0.00,0.00,0.00,
23:34:46.319 , 0,0,0,  0.00,0.00,0.00,0.00,0.00,2977.00,0.00,0.00,0.00,
23:34:46.319 , 0,0,0,  0.00,0.00,0.00,0.00,0.00,2986.00,0.00,0.00,0.00,
23:34:46.367 , 0,0,0,  0.00,0.00,0.00,0.00,0.00,2987.00,0.00,0.00,0.00,
23:34:46.367 , 0,0,0,  0.00,0.00,0.00,0.00,0.00,2992.00,0.00,0.00,0.00,
23:34:46.367 , 0,0,0,  0.00,0.00,0.00,0.00,0.00,2992.00,0.00,0.00,0.00,