14:09:25.838 , 0,0,0,  4.59,10.36,6.91,7.55,9.97,8.19,12.50,10.04,11.00,  0.00
14:09:27.884 , 1023,0,0,  6.32,12.87,8.77,9.64,12.71,10.16,16.00,12.55,14.82,  0.00
14:09:29.946 , 0,1023,0,  10.51,17.41,11.18,14.56,17.04,13.12,22.72,16.05,18.30,  0.00
14:09:31.969 , 0,0,1023,  8.21,16.56,11.36,13.51,17.55,14.68,22.38,15.41,18.64,  0.00
14:09:34.026 , 0,0,0,  4.70,10.58,8.01,7.59,10.23,9.39,12.57,10.40,12.43,  0.00
14:09:36.080 , 1023,0,0,  6.36,13.04,9.79,9.71,12.96,11.43,16.27,13.14,16.47,  0.00
14:09:38.099 , 0,1023,0,  10.66,17.49,12.37,14.71,17.20,14.53,22.95,16.69,19.91,  0.00
14:09:40.151 , 0,0,1023,  8.36,16.61,12.51,13.68,17.91,16.06,22.77,16.24,20.37,  0.00
14:09:42.237 , 0,0,0,  4.83,10.73,9.08,7.75,10.77,10.57,13.08,11.39,13.91,  0.00
14:09:44.285 , 1023,0,0,  6.46,13.27,10.84,9.85,13.45,12.63,16.72,14.08,18.24,  0.00
14:09:46.300 , 0,1023,0,  10.80,17.86,13.23,14.92,18.08,15.73,23.76,17.62,21.57,  0.00
14:09:48.346 , 0,0,1023,  8.61,17.14,13.31,13.72,18.66,17.14,23.59,17.12,21.57,  0.00
14:09:50.410 , 0,0,0,  4.97,11.29,9.72,7.88,11.36,11.41,13.70,12.20,14.70,  0.00
14:09:52.472 , 1023,0,0,  6.54,14.01,11.57,9.95,14.19,13.14,17.46,15.14,18.80,  0.00
14:09:54.504 , 0,1023,0,  10.87,18.66,13.90,15.10,18.86,16.06,24.60,19.06,21.91,  0.00
14:09:56.568 , 0,0,1023,  8.58,18.03,13.81,13.91,19.91,17.27,24.40,18.76,21.78,  0.00
14:09:58.593 , 0,0,0,  4.99,12.11,9.91,8.05,12.51,11.34,14.39,13.42,14.78,  0.00
14:10:00.624 , 1023,0,0,  6.64,14.97,11.56,10.23,15.52,13.09,18.38,16.71,18.81,  0.00
14:10:02.681 , 0,1023,0,  10.99,19.95,13.70,15.34,20.31,15.83,25.54,20.68,21.73,  0.00
14:10:04.748 , 0,0,1023,  8.82,19.18,13.44,14.42,21.27,17.01,25.33,20.24,21.45,  0.00
14:10:06.774 , 0,0,0,  5.19,13.05,9.65,8.49,13.60,11.06,15.05,14.79,14.46,  0.00
14:10:08.832 , 1023,0,0,  7.05,15.86,11.16,10.76,16.71,12.88,19.12,17.68,18.48,  0.00
14:10:10.893 , 0,1023,0,  11.67,20.76,13.27,15.99,21.51,15.65,26.58,21.37,21.56,  0.00
14:10:12.917 , 0,0,1023,  9.11,20.05,13.18,15.06,22.29,16.91,26.57,20.91,21.62,  0.00
14:10:14.969 , 0,0,0,  5.61,13.63,9.45,8.95,14.18,11.07,16.37,15.13,14.73,  0.00
14:10:17.022 , 1023,0,0,  7.54,16.48,11.05,11.44,17.00,12.98,20.51,18.02,18.91,  0.00
14:10:19.081 , 0,1023,0,  12.10,21.18,13.34,16.92,21.60,15.90,28.04,21.63,22.29,  0.00
14:10:21.121 , 0,0,1023,  9.60,20.09,13.13,15.99,22.04,16.96,28.05,20.60,21.72,  0.00
14:10:23.172 , 0,0,0,  6.29,13.67,9.44,9.81,14.11,11.38,17.71,15.09,15.40,  0.00
14:10:25.203 , 1023,0,0,  8.33,16.51,11.05,12.33,16.96,13.25,22.10,17.95,19.76,  0.00
14:10:27.267 , 0,1023,0,  12.80,21.08,13.31,18.03,21.49,16.42,29.91,21.57,23.02,  0.00
14:10:29.311 , 0,0,1023,  10.55,20.10,13.30,16.99,22.12,17.67,29.52,21.03,23.14,  0.00
14:10:31.384 , 0,0,0,  6.74,13.63,9.71,10.69,14.18,11.95,18.49,15.23,16.30,  0.00
14:10:33.391 , 1023,0,0,  8.85,16.47,11.66,13.10,17.07,14.05,22.72,18.20,20.80,  0.00
14:10:35.446 , 0,1023,0,  13.57,21.17,14.25,18.65,21.79,17.32,30.38,21.98,24.31,  0.00
14:10:37.493 , 0,0,1023,  11.00,20.22,14.53,17.47,22.44,18.81,30.04,21.30,24.54,  0.00
14:10:39.555 , 0,0,0,  7.19,13.85,10.83,10.91,14.24,13.09,18.63,15.56,17.31,  0.00
14:10:41.626 , 1023,0,0,  9.04,16.58,12.85,13.25,17.17,15.18,22.73,18.82,21.70,  0.00
14:10:43.668 , 0,1023,0,  13.89,21.12,15.60,18.73,22.06,18.43,30.38,22.80,24.99,  0.00
14:10:45.692 , 0,0,1023,  11.41,20.09,15.69,17.57,22.74,19.83,30.09,22.38,24.66,  0.00
14:10:47.739 , 0,0,0,  7.41,13.61,11.77,10.93,14.89,13.53,18.74,16.81,17.06,  0.00
14:10:49.801 , 1023,0,0,  9.19,16.53,13.61,13.32,18.08,15.27,22.80,20.13,20.83,  0.00
14:10:51.838 , 0,1023,0,  14.01,21.40,16.11,18.88,23.07,18.20,30.39,24.35,23.88,  0.00
14:10:53.896 , 0,0,1023,  11.67,20.83,15.83,17.79,24.19,19.36,30.17,23.81,23.67,  0.00
14:10:55.942 , 0,0,0,  7.54,14.56,11.63,11.01,16.09,13.03,18.78,17.89,16.21,  0.00
14:10:57.973 , 1023,0,0,  9.32,17.62,13.15,13.50,19.34,14.74,23.13,21.04,20.20,  0.00
14:11:00.043 , 0,1023,0,  14.16,22.80,15.46,19.01,24.50,17.51,31.24,24.81,23.28,  0.00
14:11:02.096 , 0,0,1023,  11.64,22.05,15.08,17.88,25.18,18.58,31.20,23.66,22.91,  0.00
14:11:04.121 , 0,0,0,  7.48,15.78,11.01,11.27,16.72,12.56,20.34,17.10,15.63,  0.00
14:11:06.161 , 1023,0,0,  9.21,18.74,12.62,13.82,19.64,14.32,24.92,19.92,19.50,  0.00
14:11:08.216 , 0,1023,0,  13.98,23.92,14.91,19.66,24.32,17.10,32.91,23.58,22.38,  0.00
14:11:10.293 , 0,0,1023,  11.71,22.84,14.79,18.69,24.91,18.27,32.81,22.56,21.89,  0.00
14:11:12.332 , 0,0,0,  7.56,15.94,10.57,12.01,16.08,11.71,21.13,16.32,14.21,  0.00
14:11:14.351 , 1023,0,0,  9.48,18.41,12.06,14.51,18.76,13.16,25.22,19.09,17.60,  0.00
14:11:16.444 , 0,1023,0,  14.35,23.20,14.20,20.38,23.51,15.69,33.01,22.92,20.17,  0.00
14:11:18.448 , 0,0,1023,  12.12,22.03,13.82,19.22,24.06,16.54,32.22,22.07,19.63,  0.00
14:11:20.504 , 0,0,0,  8.20,15.36,9.70,12.34,15.86,10.49,20.52,16.14,12.53,  0.00
14:11:22.557 , 1023,0,0,  10.47,18.22,11.16,15.00,18.68,11.92,24.63,19.11,16.22,  0.00
14:11:24.635 , 0,1023,0,  15.68,23.08,13.17,20.62,23.64,14.61,31.99,22.72,19.05,  0.00
14:11:26.684 , 0,0,1023,  13.17,22.15,12.96,19.56,24.43,15.77,31.71,21.72,19.05,  0.00
14:11:28.701 , 0,0,0,  9.11,15.81,9.11,12.68,16.10,10.18,20.52,15.92,12.67,  0.00
14:11:30.762 , 1023,0,0,  11.82,18.98,10.81,15.39,19.34,12.29,25.21,18.96,17.09,  0.00
14:11:32.807 , 0,1023,0,  17.07,24.41,13.43,21.78,24.82,15.79,33.83,23.05,20.98,  0.00
14:11:34.847 , 0,0,1023,  15.83,25.08,14.91,22.18,27.34,19.20,36.08,24.14,23.90,  0.00
14:11:36.904 , 0,0,0,  14.16,21.58,14.63,17.84,22.72,17.73,28.24,22.84,22.92,  0.00
14:11:38.970 , 1023,0,0,  15.90,23.74,15.75,20.08,25.00,19.09,32.11,24.89,26.68,  0.00
14:11:41.010 , 0,1023,0,  20.01,26.72,16.48,24.70,27.66,20.32,38.11,26.22,27.44,  0.00
14:11:43.044 , 0,0,1023,  16.82,25.36,16.40,23.45,27.89,21.69,37.45,25.20,27.54,  0.00
14:11:45.091 , 0,0,0,  13.14,19.17,13.17,16.81,20.12,16.71,26.17,20.31,22.03,  0.00
14:11:47.117 , 1023,0,0,  16.05,22.39,15.73,20.15,23.97,19.95,31.18,24.60,28.09,  0.00
14:11:49.182 , 0,1023,0,  24.55,30.69,20.74,29.22,32.77,26.16,43.20,32.84,35.89,  0.00
14:11:51.246 , 0,0,1023,  24.92,33.28,25.20,31.08,39.08,33.94,47.51,38.33,44.47,  0.00
14:11:53.296 , 0,0,0,  18.63,24.11,19.55,21.49,27.87,25.53,31.82,29.40,33.95,  0.00
14:11:55.342 , 1023,0,0,  18.00,23.55,17.83,20.95,26.35,22.67,31.85,27.36,31.90,  0.00
14:11:57.389 , 0,1023,0,  21.03,26.21,18.20,24.72,28.33,22.78,36.55,28.15,31.25,  0.00
14:11:59.442 , 0,0,1023,  15.79,22.49,15.62,20.76,25.59,20.96,32.67,23.70,26.98,  0.00
14:12:01.453 , 0,0,0,  10.29,14.99,10.95,12.72,16.06,13.69,19.87,16.43,17.96,  0.00
14:12:03.526 , 1023,0,0,  11.79,16.83,12.25,14.38,18.10,14.81,22.96,18.52,21.17,  0.00
14:12:05.566 , 0,1023,0,  15.96,21.00,14.29,19.42,22.25,17.36,30.06,21.42,23.86,  0.00
14:12:07.609 , 0,0,1023,  12.84,19.94,14.46,18.06,22.75,18.77,29.49,20.97,24.04,  0.00
14:12:09.691 , 0,0,0,  8.22,13.01,10.31,10.92,14.21,12.51,17.72,14.78,16.44,  0.00
14:12:11.719 , 1023,0,0,  9.29,14.90,11.47,12.54,16.11,13.60,20.62,16.57,19.52,  0.00
14:12:13.776 , 0,1023,0,  13.59,18.88,13.18,17.44,20.21,15.90,27.26,19.46,21.88,  0.00
14:12:15.790 , 0,0,1023,  10.39,17.45,12.67,15.76,20.06,16.52,26.08,18.03,20.64,  0.00
14:12:17.862 , 0,0,0,  6.33,11.27,9.06,9.22,12.23,10.81,15.14,12.53,13.93,  0.00
14:12:19.913 , 1023,0,0,  7.95,13.68,10.55,11.19,14.60,12.47,18.61,15.13,17.81,  0.00
14:12:21.956 , 0,1023,0,  12.23,18.24,12.88,16.24,19.10,15.29,25.55,18.70,20.81,  0.00
14:12:24.016 , 0,0,1023,  9.38,17.33,12.72,15.02,19.65,16.51,25.11,17.94,20.74,  0.00
14:12:26.040 , 0,0,0,  5.68,11.25,9.03,8.61,12.02,10.66,14.65,12.55,13.82,  0.00
14:12:28.119 , 1023,0,0,  7.23,13.82,10.43,10.76,14.59,12.37,18.31,15.23,17.81,  0.00
14:12:30.172 , 0,1023,0,  11.53,18.42,12.71,15.84,19.29,15.22,25.20,19.03,21.09,  0.00
14:12:32.173 , 0,0,1023,  8.96,17.64,12.61,14.65,20.14,16.58,25.05,18.35,21.42,  0.00
14:12:34.253 , 0,0,0,  5.21,11.63,9.05,8.53,12.50,11.03,14.68,13.05,14.92,  0.00
14:12:36.284 , 1023,0,0,  6.83,14.31,10.68,10.65,15.34,13.08,18.44,15.90,19.32,  0.00
14:12:38.338 , 0,1023,0,  11.20,19.08,13.17,15.78,20.18,16.42,25.56,19.49,22.92,  0.00
14:12:40.390 , 0,0,1023,  8.86,18.28,13.33,14.70,20.76,17.94,25.35,19.04,23.25,  0.00
14:12:42.459 , 0,0,0,  5.19,12.23,9.87,8.58,13.13,12.26,15.05,13.49,16.39,  0.00
14:12:44.462 , 1023,0,0,  6.97,15.05,11.87,10.89,16.06,14.50,19.04,16.67,20.85,  0.00
14:12:46.512 , 0,1023,0,  11.48,19.87,14.61,16.09,20.65,17.58,26.39,20.52,24.24,  0.00
14:12:48.594 , 0,0,1023,  8.96,18.95,14.76,15.17,21.49,19.10,26.33,20.25,24.20,  0.00
14:12:50.615 , 0,0,0,  5.47,12.79,11.00,8.98,13.77,13.10,15.96,15.12,17.09,  0.00
14:12:52.667 , 1023,0,0,  7.43,15.58,13.03,11.33,17.01,15.04,20.17,18.67,21.23,  0.00
14:12:54.720 , 0,1023,0,  12.01,20.45,15.59,16.83,22.11,18.20,27.62,22.97,24.61,  0.00
14:12:56.761 , 0,0,1023,  9.37,19.83,15.59,15.86,23.00,19.47,27.46,22.61,24.29,  0.00
14:12:58.835 , 0,0,0,  6.01,13.63,11.66,9.69,15.27,13.17,16.75,16.98,16.90,  0.00
14:13:00.871 , 1023,0,0,  7.78,16.65,13.24,12.10,18.44,14.95,20.96,20.17,20.81,  0.00
14:13:02.927 , 0,1023,0,  12.33,21.93,15.79,17.59,23.70,18.08,28.80,24.34,24.05,  0.00
14:13:04.984 , 0,0,1023,  10.17,21.22,15.63,16.63,24.64,19.36,28.90,23.69,24.01,  0.00
14:13:07.023 , 0,0,0,  6.35,14.95,11.49,10.28,16.18,13.09,18.39,17.55,16.77,  0.00
14:13:09.072 , 1023,0,0,  8.48,18.01,13.14,12.93,19.45,14.82,23.01,20.60,20.71,  0.00
14:13:11.104 , 0,1023,0,  13.18,23.03,15.46,18.66,24.41,17.81,31.42,24.53,24.14,  0.00
14:13:13.175 , 0,0,1023,  10.81,22.04,15.05,17.77,25.02,18.91,31.58,23.59,23.95,  0.00
14:13:15.214 , 0,0,0,  6.99,15.50,10.77,11.25,16.18,12.68,20.50,17.10,16.32,  0.00
14:13:17.259 , 1023,0,0,  9.09,18.30,12.31,13.94,19.10,14.55,25.00,20.11,20.71,  0.00
14:13:19.302 , 0,1023,0,  13.95,23.19,14.53,19.86,23.78,17.38,32.92,23.69,23.85,  0.00
14:13:21.337 , 0,0,1023,  11.79,22.04,14.14,18.82,24.31,18.48,32.59,22.74,23.70,  0.00
14:13:23.387 , 0,0,0,  7.98,15.57,10.31,12.26,16.08,12.77,21.09,16.87,16.69,  0.00
14:13:25.432 , 1023,0,0,  10.12,18.24,11.77,14.79,18.85,14.61,25.27,19.76,20.89,  0.00
14:13:27.475 , 0,1023,0,  15.30,22.89,14.07,20.51,23.61,17.53,33.17,23.68,24.29,  0.00
14:13:29.537 , 0,0,1023,  12.44,21.86,13.95,19.34,24.18,18.79,32.47,22.92,24.11,  0.00
14:13:31.586 , 0,0,0,  8.63,15.04,10.10,12.35,15.82,12.82,20.69,16.96,16.78,  0.00
14:13:33.619 , 1023,0,0,  10.59,17.62,11.68,14.85,18.57,14.54,25.02,19.85,20.74,  0.00
14:13:35.694 , 0,1023,0,  15.58,22.16,13.91,20.48,23.40,17.26,32.58,23.65,23.70,  0.00
14:13:37.720 , 0,0,1023,  12.63,21.09,13.73,19.05,23.99,18.33,31.96,22.73,22.98,  0.00
14:13:39.762 , 0,0,0,  8.57,14.44,9.75,12.14,15.60,11.98,20.51,16.79,15.43,  0.00
14:13:41.820 , 1023,0,0,  10.58,17.08,11.40,14.46,18.44,13.66,24.68,19.77,18.92,  0.00
14:13:43.865 , 0,1023,0,  15.50,21.90,13.79,20.19,23.51,16.55,32.24,23.73,21.98,  0.00
14:13:45.928 , 0,0,1023,  12.48,20.81,13.61,18.81,24.25,17.48,31.82,22.96,21.41,  0.00
14:13:47.981 , 0,0,0,  8.44,14.28,9.74,12.01,15.95,11.39,20.50,16.81,14.12,  0.00
14:13:50.013 , 1023,0,0,  10.42,17.02,11.44,14.40,18.67,13.03,24.80,19.38,17.92,  0.00
14:13:52.082 , 0,1023,0,  15.32,21.96,13.63,20.12,23.48,15.73,32.49,23.06,20.83,  0.00
14:13:54.097 , 0,0,1023,  12.47,21.00,13.51,18.95,24.07,16.96,32.10,21.91,20.78,  0.00
14:13:56.183 , 0,0,0,  8.51,14.51,9.75,12.27,15.75,11.19,20.81,15.93,13.91,  0.00
14:13:58.196 , 1023,0,0,  10.61,17.37,11.61,15.03,18.53,13.09,25.41,18.77,18.07,  0.00
14:14:00.263 , 0,1023,0,  15.78,22.24,14.05,20.91,23.58,16.36,33.57,22.48,21.53,  0.00
14:14:02.324 , 0,0,1023,  13.38,21.87,14.49,20.33,24.79,18.24,33.76,22.15,22.44,  0.00
14:14:04.353 , 0,0,0,  9.06,15.06,10.32,13.21,16.06,12.02,21.89,16.04,15.26,  0.00
14:14:06.410 , 1023,0,0,  11.46,17.92,12.09,15.86,18.81,13.97,26.08,19.02,19.36,  0.00
14:14:08.455 , 0,1023,0,  16.04,22.59,14.44,21.50,23.35,16.79,33.32,22.46,22.54,  0.00
14:14:10.499 , 0,0,1023,  13.88,21.92,14.69,20.42,24.30,18.52,32.98,21.91,22.87,  0.00
14:14:12.537 , 0,0,0,  9.51,15.20,10.76,13.20,15.96,12.65,21.12,16.00,15.59,  0.00
14:14:14.581 , 1023,0,0,  12.17,18.58,13.45,16.13,19.88,16.00,25.69,20.07,21.92,  0.00
14:14:16.658 , 0,1023,0,  17.04,23.53,16.06,21.87,24.76,19.09,33.23,23.72,25.22,  0.00
14:14:18.692 , 0,0,1023,  14.70,22.95,16.66,20.76,25.99,21.50,33.17,23.67,26.60,  0.00
14:14:20.720 , 0,0,0,  10.94,17.03,13.45,14.29,18.21,16.40,22.41,18.68,20.79,  0.00
14:14:22.787 , 1023,0,0,  14.41,21.52,17.35,18.23,23.59,20.99,28.62,24.01,28.74,  0.00
14:14:24.847 , 0,1023,0,  21.58,28.62,22.49,26.01,31.70,27.61,39.51,31.34,37.40,  0.00
14:14:26.860 , 0,0,1023,  18.16,27.26,22.33,24.27,32.11,29.01,38.57,30.12,37.16,  0.00
14:14:28.917 , 0,0,0,  12.01,18.36,15.69,15.13,20.31,19.29,23.98,20.81,25.05,  0.00
14:14:30.994 , 1023,0,0,  14.66,21.99,18.44,18.30,24.46,22.59,29.12,24.96,31.39,  0.00
14:14:33.008 , 0,1023,0,  20.00,27.09,21.47,24.22,29.82,26.27,36.97,29.19,35.96,  0.00
14:14:35.056 , 0,0,1023,  15.99,25.16,20.29,22.13,29.31,26.41,35.34,26.99,34.04,  0.00
14:14:37.117 , 0,0,0,  11.40,18.11,15.64,14.45,19.97,19.16,22.79,20.17,25.07,  0.00
14:14:39.164 , 1023,0,0,  15.19,22.85,19.79,18.61,25.53,24.28,29.39,26.24,34.47,  0.00
14:14:41.199 , 0,1023,0,  23.68,32.40,27.11,28.09,36.36,33.42,42.33,36.60,46.03,  0.00
14:14:43.252 , 0,0,1023,  20.15,30.99,26.90,26.29,36.94,34.95,41.19,35.32,45.63,  0.00
14:14:45.310 , 0,0,0,  16.58,24.86,23.57,19.75,29.01,29.66,30.54,30.87,39.60,  0.00
14:14:47.342 , 1023,0,0,  25.98,36.40,35.65,29.52,44.12,45.12,45.59,47.61,62.09,  0.00
14:14:49.403 , 0,1023,0,  34.69,45.50,43.62,39.62,54.83,54.60,59.03,58.84,73.00,  0.00
14:14:51.474 , 0,0,1023,  36.14,49.57,50.29,42.95,64.55,65.40,65.00,66.93,84.32,  0.00
14:14:53.499 , 0,0,0,  30.17,41.00,44.72,32.98,52.14,56.91,49.96,58.74,73.70,  0.00
14:14:55.565 , 1023,0,0,  30.78,42.59,45.24,34.90,53.57,56.91,52.82,60.10,75.89,  0.00
14:14:57.616 , 0,1023,0,  32.74,43.62,42.28,37.72,53.14,52.97,55.86,57.82,69.93,  0.00
14:14:59.633 , 0,0,1023,  17.96,29.30,26.85,23.65,35.67,34.36,37.87,36.05,44.13,  0.00
14:15:01.690 , 0,0,0,  15.30,24.40,24.45,18.36,29.48,30.28,28.77,32.72,39.05,  0.00
14:15:03.746 , 1023,0,0,  17.23,27.20,26.09,20.70,32.55,31.79,33.27,35.85,43.05,  0.00
14:15:05.798 , 0,1023,0,  22.96,33.67,29.45,27.50,38.91,35.44,42.70,41.06,46.76,  0.00
14:15:07.824 , 0,0,1023,  20.18,32.89,29.69,26.37,40.36,37.55,42.75,40.83,46.98,  0.00
14:15:09.897 , 0,0,0,  14.19,24.06,22.98,17.61,28.52,27.58,28.78,31.58,34.99,  0.00
14:15:11.924 , 1023,0,0,  15.85,26.26,23.91,19.66,31.06,28.12,32.78,33.76,37.93,  0.00
14:15:13.983 , 0,1023,0,  18.96,28.93,23.24,23.56,32.88,26.94,38.06,33.71,35.34,  0.00
14:15:16.016 , 0,0,1023,  14.29,26.11,20.33,20.56,30.82,24.98,35.45,29.42,30.11,  0.00
14:15:18.080 , 0,0,0,  9.63,18.83,15.09,13.35,21.14,17.14,23.23,22.09,21.22,  0.00
14:15:20.127 , 1023,0,0,  10.70,20.42,15.02,14.90,22.42,16.75,26.25,22.96,22.80,  0.00
14:15:22.185 , 0,1023,0,  15.48,25.23,16.75,20.51,26.96,19.13,33.79,26.18,25.09,  0.00
14:15:24.219 , 0,0,1023,  12.30,23.98,15.83,19.00,26.83,19.64,33.15,24.16,24.00,  0.00
14:15:26.273 , 0,0,0,  8.00,16.62,11.04,12.00,17.29,12.67,21.08,17.03,15.82,  0.00
14:15:28.331 , 1023,0,0,  9.90,19.10,12.21,14.25,19.67,13.89,25.07,19.10,19.12,  0.00
14:15:30.352 , 0,1023,0,  14.61,23.74,14.07,19.81,23.93,16.41,32.43,22.09,21.79,  0.00
14:15:32.429 , 0,0,1023,  12.07,22.14,13.54,18.65,23.91,17.29,31.78,20.62,21.26,  0.00
14:15:34.465 , 0,0,0,  7.85,15.19,9.57,11.81,15.05,11.10,20.11,14.40,14.10,  0.00
14:15:36.506 , 1023,0,0,  9.78,17.53,10.85,14.04,17.17,12.62,23.75,16.46,17.64,  0.00
14:15:38.577 , 0,1023,0,  14.70,22.02,13.07,19.69,21.47,15.40,31.00,19.83,20.79,  0.00
14:15:40.613 , 0,0,1023,  12.16,20.76,12.92,18.59,21.77,16.68,30.37,18.99,20.76,  0.00
14:15:42.640 , 0,0,0,  8.12,13.90,9.09,11.61,13.42,10.88,18.58,13.16,13.84,  0.00
14:15:44.716 , 1023,0,0,  10.16,16.24,10.58,13.78,16.00,12.57,22.34,15.57,17.44,  0.00
14:15:46.737 , 0,1023,0,  14.89,20.51,12.86,19.21,20.32,15.35,29.25,19.01,20.55,  0.00
14:15:48.812 , 0,0,1023,  12.16,19.26,12.71,17.72,20.67,16.55,28.31,18.12,20.63,  0.00
14:15:50.841 , 0,0,0,  7.94,12.78,9.07,10.88,12.80,10.85,17.11,12.64,13.83,  0.00
14:15:52.879 , 1023,0,0,  9.82,15.22,10.77,12.97,15.53,12.76,20.64,15.35,17.84,  0.00
14:15:54.956 , 0,1023,0,  14.47,20.04,13.21,18.29,20.28,15.70,27.72,19.10,21.13,  0.00
14:15:56.989 , 0,0,1023,  11.97,19.06,13.34,16.87,20.91,17.18,27.27,18.68,21.42,  0.00
14:15:59.023 , 0,0,0,  7.77,12.97,9.91,10.34,13.35,11.56,16.59,13.41,15.03,  0.00
14:16:01.087 , 1023,0,0,  9.72,15.87,11.84,12.68,16.45,13.80,20.61,16.61,19.61,  0.00
14:16:03.149 , 0,1023,0,  14.85,21.20,14.92,18.54,22.00,17.46,28.60,21.16,24.01,  0.00
14:16:05.200 , 0,0,1023,  12.14,20.39,15.03,17.15,22.80,19.11,28.17,20.67,24.42,  0.00
14:16:07.254 , 0,0,0,  7.85,14.15,11.23,10.59,14.88,13.33,17.45,15.17,17.68,  0.00
14:16:09.284 , 1023,0,0,  9.68,16.92,13.14,12.95,18.00,15.57,21.51,18.25,22.33,  0.00
14:16:11.344 , 0,1023,0,  14.46,22.02,15.85,18.59,23.15,19.09,29.20,22.69,26.42,  0.00
14:16:13.375 , 0,0,1023,  12.14,21.78,16.57,17.84,24.97,21.66,29.61,23.07,27.80,  0.00
14:16:15.428 , 0,0,0,  7.74,14.97,12.28,10.94,16.08,14.82,18.26,16.88,19.76,  0.00
14:16:17.459 , 1023,0,0,  9.08,17.08,13.23,12.78,18.11,15.87,21.60,19.04,22.76,  0.00
14:16:19.503 , 0,1023,0,  13.65,21.46,15.15,17.84,22.34,18.08,28.50,22.14,24.66,  0.00
14:16:21.553 , 0,0,1023,  10.85,20.27,14.84,16.58,22.67,19.16,27.85,21.37,24.24,  0.00
14:16:23.596 , 0,0,0,  5.16,12.48,10.15,8.05,12.68,11.85,13.74,13.91,15.72,  0.00
14:16:25.671 , 1023,0,0,  7.79,15.82,12.24,11.27,16.67,14.39,19.31,18.25,20.55,  0.00
14:16:27.728 , 0,1023,0,  13.79,21.88,15.43,18.22,22.93,18.31,29.02,23.67,24.63,  0.00
14:16:29.771 , 0,0,1023,  11.21,20.79,15.01,16.90,23.71,19.22,28.60,22.85,24.04,  0.00
14:16:31.785 , 0,0,0,  7.15,14.26,10.86,10.36,15.34,12.88,17.60,16.78,16.49,  0.00
14:16:33.859 , 1023,0,0,  8.99,16.95,12.39,12.72,18.13,14.56,21.64,19.56,20.53,  0.00
14:16:35.918 , 0,1023,0,  13.76,21.92,14.71,18.26,22.91,17.42,29.17,23.48,23.84,  0.00
14:16:37.954 , 0,0,1023,  11.21,20.87,14.59,16.93,23.50,18.60,28.85,22.39,23.84,  0.00
14:16:40.017 , 0,0,0,  7.23,14.27,10.51,10.41,15.13,12.72,17.97,16.27,16.77,  0.00
14:16:42.064 , 1023,0,0,  9.04,16.87,12.34,12.80,18.00,14.73,22.14,19.10,21.14,  0.00
14:16:44.086 , 0,1023,0,  13.78,21.56,14.79,18.26,22.64,18.00,29.82,22.60,24.88,  0.00
14:16:46.164 , 0,0,1023,  11.13,20.37,14.83,16.93,22.94,19.49,29.44,21.41,25.06,  0.00
14:16:48.206 , 0,0,0,  7.13,13.83,11.11,10.44,14.58,13.54,18.42,15.42,17.96,  0.00
14:16:50.242 , 1023,0,0,  8.97,16.57,13.13,12.89,17.39,15.77,22.53,18.24,22.58,  0.00
14:16:52.302 , 0,1023,0,  13.64,21.19,15.89,18.43,22.16,19.14,30.12,22.01,25.88,  0.00
14:16:54.332 , 0,0,1023,  11.08,20.14,16.19,17.08,22.65,20.56,29.50,21.34,25.66,  0.00
14:16:56.391 , 0,0,0,  7.10,13.69,12.28,10.53,14.52,14.33,18.39,15.91,18.20,  0.00
14:16:58.437 , 1023,0,0,  8.96,16.54,14.20,12.88,17.64,16.31,22.36,19.09,22.49,  0.00
14:17:00.479 , 0,1023,0,  13.64,21.31,16.62,18.35,22.66,19.24,29.92,23.49,25.64,  0.00
14:17:02.514 , 0,0,1023,  11.01,20.54,16.50,16.93,23.80,20.49,29.29,23.19,25.37,  0.00
14:17:04.589 , 0,0,0,  6.98,14.31,12.36,10.39,15.89,14.04,18.18,17.37,17.96,  0.00
14:17:06.641 , 1023,0,0,  8.88,17.35,13.95,12.68,19.07,15.90,22.03,20.78,22.17,  0.00
14:17:08.675 , 0,1023,0,  13.43,22.46,16.32,18.13,24.35,18.82,29.53,24.91,25.41,  0.00
14:17:10.714 , 0,0,1023,  10.88,21.96,16.05,16.87,25.20,20.25,29.15,24.02,25.24,  0.00
14:17:12.776 , 0,0,0,  6.82,15.56,11.79,10.36,16.83,13.87,18.35,17.88,17.92,  0.00
14:17:14.819 , 1023,0,0,  8.86,18.46,13.49,12.83,19.87,15.79,22.69,20.90,22.00,  0.00
14:17:16.855 , 0,1023,0,  13.46,23.70,15.89,18.50,24.82,18.64,30.51,24.87,25.02,  0.00
14:17:18.895 , 0,0,1023,  11.02,22.55,15.72,17.41,25.23,19.95,30.58,24.05,24.47,  0.00
14:17:20.966 , 0,0,0,  7.17,15.88,11.64,10.98,16.71,13.37,19.68,18.03,16.74,  0.00
14:17:23.020 , 1023,0,0,  9.11,18.48,13.13,13.67,19.66,14.85,24.14,21.07,20.36,  0.00
14:17:25.047 , 0,1023,0,  14.07,23.46,15.29,19.50,24.64,17.48,32.10,24.93,22.95,  0.00
14:17:27.098 , 0,0,1023,  11.84,22.21,14.80,18.54,25.18,18.32,31.86,23.93,22.35,  0.00
14:17:29.135 , 0,0,0,  7.81,15.55,10.45,11.83,16.50,11.77,20.56,17.72,14.82,  0.00
14:17:31.190 , 1023,0,0,  10.00,18.28,11.79,14.35,19.37,13.18,24.93,20.40,18.50,  0.00
14:17:33.271 , 0,1023,0,  14.94,23.05,13.74,20.02,24.04,15.68,32.46,23.79,21.13,  0.00
14:17:35.298 , 0,0,1023,  12.22,21.96,13.20,18.75,24.41,16.55,32.00,22.48,20.79,  0.00
14:17:37.349 , 0,0,0,  8.32,15.08,9.10,11.93,15.66,10.57,20.54,15.95,13.73,  0.00
14:17:39.371 , 1023,0,0,  10.26,17.64,10.35,14.29,18.10,12.03,24.84,18.16,17.36,  0.00
14:17:41.453 , 0,1023,0,  14.62,21.93,12.16,19.55,22.08,14.46,31.80,20.98,20.04,  0.00
14:17:43.469 , 0,0,1023,  12.13,20.50,11.74,18.40,22.14,15.42,31.16,19.51,19.79,  0.00
14:17:45.529 , 0,0,0,  6.57,12.68,7.22,10.10,12.40,8.89,17.33,12.42,12.05,  0.00
14:17:47.585 , 1023,0,0,  7.20,13.52,7.67,10.95,13.01,9.11,18.82,13.24,14.06,  0.00
14:17:49.628 , 0,1023,0,  14.74,20.54,11.52,19.53,20.35,13.98,30.72,19.26,19.74,  0.00
14:17:51.694 , 0,0,1023,  12.35,19.42,11.41,18.55,20.83,15.14,30.37,18.59,19.58,  0.00
14:17:53.714 , 0,0,0,  8.20,12.71,7.71,11.44,12.66,9.49,18.49,12.81,12.63,  0.00
14:17:55.778 , 1023,0,0,  10.06,15.02,9.09,13.64,15.14,11.01,22.06,15.27,16.29,  0.00
14:17:57.843 , 0,1023,0,  14.72,19.31,11.12,18.83,19.52,13.72,28.93,18.83,19.15,  0.00
14:17:59.890 , 0,0,1023,  11.97,18.06,10.89,17.26,19.88,14.73,27.76,17.79,18.88,  0.00
14:18:01.900 , 0,0,0,  7.57,11.60,7.15,10.39,11.95,9.06,16.59,12.31,12.13,  0.00
14:18:03.986 , 1023,0,0,  9.10,13.93,8.77,12.40,14.30,10.67,20.25,14.78,15.58,  0.00
14:18:05.995 , 0,1023,0,  13.62,18.28,10.78,17.53,18.67,13.23,27.11,18.03,18.65,  0.00
14:18:08.067 , 0,0,1023,  10.74,17.22,10.58,16.06,19.12,14.43,26.37,17.05,18.43,  0.00
14:18:10.122 , 0,0,0,  6.61,11.01,7.02,9.59,11.42,8.89,15.69,11.74,11.89,  0.00
14:18:12.176 , 1023,0,0,  8.37,13.50,8.75,11.62,13.98,10.67,19.42,14.13,15.67,  0.00
14:18:14.222 , 0,1023,0,  12.63,17.84,10.86,16.83,18.18,13.42,26.43,17.32,18.91,  0.00
14:18:16.258 , 0,0,1023,  10.07,16.81,10.84,15.53,18.70,14.74,26.07,16.66,19.01,  0.00
14:18:18.285 , 0,0,0,  6.31,10.87,7.35,9.25,11.15,9.44,15.47,11.46,12.72,  0.00
14:18:20.353 , 1023,0,0,  8.00,13.36,9.15,11.49,13.85,11.36,19.34,13.93,17.03,  0.00
14:18:22.377 , 0,1023,0,  12.42,17.90,11.62,16.86,18.32,14.56,26.50,17.51,20.75,  0.00
14:18:24.461 , 0,0,1023,  10.20,17.10,11.75,15.82,19.22,16.27,26.32,17.04,21.16,  0.00
14:18:26.516 , 0,0,0,  6.45,11.19,8.53,9.63,11.85,10.90,15.80,12.19,15.07,  0.00
14:18:28.563 , 1023,0,0,  8.39,13.81,10.30,11.90,14.58,13.10,19.65,15.10,19.65,  0.00
14:18:30.596 , 0,1023,0,  13.06,18.59,13.06,17.31,19.69,16.57,27.06,19.08,23.77,  0.00
14:18:32.657 , 0,0,1023,  10.52,17.77,13.14,16.09,20.34,18.19,26.41,18.63,23.98,  0.00
14:18:34.696 , 0,0,0,  6.46,11.64,9.42,9.67,12.56,12.24,15.68,13.24,16.89,  0.00
14:18:36.753 , 1023,0,0,  8.33,14.24,11.10,11.74,15.34,14.11,19.31,16.05,21.07,  0.00
14:18:38.795 , 0,1023,0,  12.68,18.92,13.49,16.91,20.24,17.33,26.40,19.97,24.72,  0.00
14:18:40.819 , 0,0,1023,  10.35,18.26,13.68,15.90,21.13,18.85,26.23,19.58,25.02,  0.00
14:18:42.875 , 0,0,0,  6.52,12.23,10.13,9.67,13.46,13.10,15.82,14.46,18.08,  0.00
14:18:44.917 , 1023,0,0,  8.75,15.16,12.16,12.15,16.85,15.52,20.12,17.93,22.95,  0.00
14:18:46.955 , 0,1023,0,  14.00,20.99,15.59,18.30,22.88,20.06,28.54,23.34,28.42,  0.00
14:18:49.043 , 0,0,1023,  12.35,21.35,16.98,18.23,25.54,23.39,29.99,24.57,30.96,  0.00
14:18:51.084 , 0,0,0,  8.98,15.88,13.98,12.27,18.39,18.44,20.01,20.13,25.11,  0.00
14:18:53.110 , 1023,0,0,  10.83,18.33,15.56,14.49,21.31,20.32,23.87,22.89,29.50,  0.00
14:18:55.186 , 0,1023,0,  15.68,23.08,17.98,19.99,26.11,23.03,31.39,26.51,32.57,  0.00
14:18:57.218 , 0,0,1023,  12.41,21.80,17.55,18.56,26.42,24.24,30.44,25.41,32.19,  0.00
14:18:59.253 , 0,0,0,  7.65,14.23,12.30,10.94,16.32,16.25,18.22,17.81,22.28,  0.00
14:19:01.291 , 1023,0,0,  8.70,15.58,12.63,12.28,17.55,16.37,20.59,18.97,24.07,  0.00
14:19:03.355 , 0,1023,0,  12.81,19.97,14.75,17.28,21.75,18.88,27.59,22.10,27.09,  0.00
14:19:05.394 , 0,0,1023,  10.25,18.64,14.55,16.01,22.26,20.13,26.88,21.18,26.59,  0.00
14:19:07.456 , 0,0,0,  6.33,12.22,10.37,9.52,13.84,13.65,16.03,15.12,18.84,  0.00
14:19:09.505 , 1023,0,0,  7.91,14.69,12.06,11.56,16.40,15.37,19.64,17.72,22.85,  0.00
14:19:11.554 , 0,1023,0,  12.48,19.44,14.74,16.89,21.43,18.69,27.08,21.69,26.83,  0.00
14:19:13.586 , 0,0,1023,  9.85,18.29,14.61,15.53,21.75,20.02,26.38,20.82,26.40,  0.00
14:19:15.655 , 0,0,0,  6.15,12.06,10.54,9.18,13.64,13.77,15.69,15.07,18.89,  0.00
14:19:17.704 , 1023,0,0,  7.71,14.47,12.38,11.25,16.38,15.70,19.39,17.74,23.14,  0.00
14:19:19.742 , 0,1023,0,  12.17,19.13,14.87,16.51,21.22,18.94,26.52,21.51,26.92,  0.00
14:19:21.809 , 0,0,1023,  9.27,18.00,14.76,15.17,21.48,20.28,25.89,20.69,26.56,  0.00
14:19:23.852 , 0,0,0,  5.44,11.54,10.60,8.60,13.24,13.69,14.93,14.61,18.72,  0.00
14:19:25.869 , 1023,0,0,  7.04,13.97,12.40,10.61,15.94,15.64,18.54,17.26,22.92,  0.00
14:19:27.936 , 0,1023,0,  11.08,18.27,14.77,15.39,20.25,18.48,25.23,20.71,26.10,  0.00
14:19:29.981 , 0,0,1023,  8.46,17.16,14.73,14.02,20.42,19.95,24.65,19.73,25.73,  0.00
14:19:32.017 , 0,0,0,  4.63,10.99,10.92,7.95,12.53,13.80,14.10,13.93,18.21,  0.00
14:19:34.097 , 1023,0,0,  6.28,13.57,12.99,9.84,15.22,15.91,17.60,16.75,22.55,  0.00
14:19:36.137 , 0,1023,0,  10.33,18.17,15.76,14.80,19.94,19.14,24.60,20.33,25.74,  0.00
14:19:38.193 , 0,0,1023,  7.85,17.31,16.08,13.65,20.45,20.64,24.05,19.78,25.37,  0.00
14:19:40.209 , 0,0,0,  4.34,11.38,12.29,7.65,12.82,14.51,13.90,14.29,17.87,  0.00
14:19:42.281 , 1023,0,0,  6.13,14.13,14.51,9.73,15.92,16.48,17.58,17.28,21.85,  0.00
14:19:44.295 , 0,1023,0,  10.21,18.94,17.16,14.77,20.72,19.38,24.81,21.32,24.93,  0.00
14:19:46.382 , 0,0,1023,  7.89,18.30,17.06,13.69,21.71,20.49,24.48,21.08,24.37,  0.00
14:19:48.418 , 0,0,0,  4.41,12.44,12.85,7.88,14.15,13.97,14.33,15.57,16.80,  0.00
14:19:50.447 , 1023,0,0,  6.28,15.55,14.56,10.07,17.40,15.61,18.31,18.95,20.68,  0.00
14:19:52.495 , 0,1023,0,  10.55,20.82,16.66,15.25,22.67,18.36,25.51,22.95,23.54,  0.00
14:19:54.533 , 0,0,1023,  8.30,20.28,16.29,14.33,23.79,19.11,25.39,22.27,22.88,  0.00
14:19:56.595 , 0,0,0,  4.82,14.32,11.69,8.42,15.75,12.57,15.22,16.20,15.44,  0.00
14:19:58.660 , 1023,0,0,  6.52,17.40,12.95,10.67,18.55,13.90,19.25,18.94,18.89,  0.00
14:20:00.712 , 0,1023,0,  11.00,22.46,14.77,16.04,23.40,16.45,26.81,22.26,21.55,  0.00
14:20:02.742 , 0,0,1023,  8.79,21.66,14.11,15.14,23.80,17.10,26.66,20.93,20.86,  0.00
14:20:04.775 , 0,0,0,  5.26,15.01,9.72,9.00,15.05,10.82,16.29,14.55,13.57,  0.00
14:20:06.866 , 1023,0,0,  7.21,17.63,11.00,11.51,17.57,12.24,20.49,16.91,17.12,  0.00
14:20:08.882 , 0,1023,0,  11.79,22.03,12.76,16.87,21.60,14.65,27.67,19.80,19.70,  0.00
14:20:10.921 , 0,0,1023,  9.32,20.62,12.30,16.00,21.58,15.43,27.37,18.51,19.02,  0.00
14:20:12.991 , 0,0,0,  6.07,13.65,8.31,9.74,13.20,9.54,16.50,12.59,12.19,  0.00
14:20:15.033 , 1023,0,0,  7.96,15.89,9.65,12.21,15.44,10.94,20.21,15.03,15.59,  0.00
14:20:17.073 , 0,1023,0,  12.61,20.10,11.65,17.52,19.63,13.48,27.00,18.12,18.48,  0.00
14:20:19.144 , 0,0,1023,  10.42,18.60,11.39,16.26,19.87,14.52,26.28,17.03,18.18,  0.00
14:20:21.174 , 0,0,0,  6.57,12.12,7.71,9.74,11.79,8.87,15.28,11.61,11.61,  0.00
14:20:23.236 , 1023,0,0,  8.66,14.30,9.07,11.81,14.16,10.42,18.59,13.73,15.24,  0.00
14:20:25.298 , 0,1023,0,  12.99,18.44,11.06,16.87,18.22,13.08,25.33,17.03,18.18,  0.00
14:20:27.314 , 0,0,1023,  10.34,17.33,10.82,15.40,18.51,14.10,24.80,16.05,18.04,  0.00
14:20:29.380 , 0,0,0,  6.34,10.95,7.08,8.91,10.88,8.66,14.11,10.69,11.54,  0.00
14:20:31.410 , 1023,0,0,  8.01,13.21,8.67,10.89,13.25,10.19,17.54,12.97,15.29,  0.00
14:20:33.488 , 0,1023,0,  12.11,17.35,10.64,15.68,17.21,12.91,24.10,16.05,18.23,  0.00
14:20:35.498 , 0,0,1023,  8.47,15.29,9.92,13.27,16.35,13.17,21.86,14.21,17.16,  0.00
14:20:37.562 , 0,0,0,  3.27,7.84,5.44,5.54,7.38,6.60,9.41,7.60,9.68,  0.00
14:20:39.589 , 1023,0,0,  5.63,11.21,7.86,8.55,11.17,9.42,14.27,11.39,14.53,  0.00
14:20:41.669 , 0,1023,0,  11.06,16.69,10.72,14.94,16.76,13.12,23.15,15.83,18.85,  0.00
14:20:43.685 , 0,0,1023,  8.63,15.76,10.66,13.67,17.17,14.43,22.72,15.13,18.82,  0.00
14:20:45.747 , 0,0,0,  4.87,9.78,7.14,7.59,9.62,9.00,12.73,10.16,12.23,  0.00
14:20:47.805 , 1023,0,0,  6.36,12.19,8.97,9.61,12.47,10.82,16.15,12.58,15.94,  0.00
14:20:49.851 , 0,1023,0,  10.45,16.54,11.13,14.34,16.60,13.51,22.68,15.99,18.91,  0.00
14:20:51.907 , 0,0,1023,  7.95,15.50,11.11,13.10,17.13,14.73,22.11,15.32,18.84,  0.00
14:20:53.955 , 0,0,0,  4.37,9.73,7.70,7.30,9.64,9.18,12.26,10.35,12.13,  0.00
14:20:55.986 , 1023,0,0,  6.12,12.14,9.24,9.22,12.50,10.86,15.69,13.04,15.68,  0.00
14:20:58.047 , 0,1023,0,  10.01,16.54,11.50,13.99,16.86,13.55,22.43,16.46,18.71,  0.00
14:21:00.082 , 0,0,1023,  7.64,15.54,11.36,12.92,17.40,14.68,21.88,15.90,18.38,  0.00
14:21:02.129 , 0,0,0,  4.22,9.77,7.82,7.11,9.99,9.01,12.19,10.85,11.75,  0.00
14:21:04.185 , 1023,0,0,  5.89,12.21,9.22,9.06,12.81,10.70,15.72,13.38,15.43,  0.00
14:21:06.258 , 0,1023,0,  9.71,16.63,11.33,13.80,17.15,13.21,22.42,16.90,18.37,  0.00
14:21:08.295 , 0,0,1023,  7.56,15.84,11.14,12.82,17.88,14.42,22.03,16.10,18.25,  0.00
14:21:10.341 , 0,0,0,  4.12,10.01,7.60,7.05,10.51,8.91,12.33,11.01,11.76,  0.00
14:21:12.370 , 1023,0,0,  5.75,12.50,9.08,9.03,13.16,10.70,15.92,13.42,15.50,  0.00
14:21:14.447 , 0,1023,0,  9.64,17.03,11.32,13.83,17.45,13.43,22.74,16.89,18.71,  0.00
14:21:16.497 , 0,0,1023,  5.79,14.38,10.17,10.80,16.03,13.22,18.96,14.30,16.97,  0.00
14:21:18.533 , 0,0,0,  2.45,8.50,6.46,4.97,8.20,7.58,9.47,8.83,10.27,  0.00
14:21:20.556 , 1023,0,0,  4.89,11.94,8.99,8.25,12.10,10.21,14.80,12.49,14.78,  0.00
14:21:22.637 , 0,1023,0,  9.10,16.63,11.48,13.57,16.80,13.21,22.30,16.10,18.01,  0.00
14:21:24.674 , 0,0,1023,  7.02,15.83,11.59,12.44,17.37,14.57,21.88,15.53,18.03,  0.00
14:21:26.703 , 0,0,0,  4.17,10.41,8.45,7.35,10.74,9.51,13.08,11.09,12.04,  0.00
14:21:28.766 , 1023,0,0,  5.98,12.90,10.13,9.44,13.35,11.21,16.64,13.66,15.77,  0.00
14:21:30.796 , 0,1023,0,  10.02,17.42,12.37,14.40,17.91,13.91,23.52,17.14,18.90,  0.00
14:21:32.856 , 0,0,1023,  7.75,16.61,12.31,13.41,18.44,15.07,23.16,16.67,18.91,  0.00
14:21:34.922 , 0,0,0,  4.35,10.81,8.63,7.58,11.11,9.61,13.27,11.64,12.49,  0.00
14:21:36.951 , 1023,0,0,  6.25,13.45,10.21,9.72,13.95,11.38,16.92,14.21,16.57,  0.00
14:21:39.005 , 0,1023,0,  10.39,18.09,12.34,14.72,18.33,14.18,23.87,17.63,19.90,  0.00
14:21:41.040 , 0,0,1023,  8.07,17.31,12.30,13.69,19.18,15.60,23.55,17.03,20.15,  0.00
14:21:43.092 , 0,0,0,  4.61,11.44,8.65,7.83,11.68,10.15,13.60,11.78,13.80,  0.00
14:21:45.145 , 1023,0,0,  6.36,14.15,10.26,9.96,14.31,12.03,17.42,14.50,18.09,  0.00
14:21:47.183 , 0,1023,0,  10.67,18.92,12.61,15.21,19.12,15.18,24.62,18.18,21.87,  0.00
14:21:49.258 , 0,0,1023,  8.57,18.20,12.64,14.16,19.89,16.76,24.36,17.61,22.25,  0.00
14:21:51.267 , 0,0,0,  6.39,14.62,11.70,9.85,14.81,14.02,16.83,15.38,19.14,  0.00
14:21:53.333 , 1023,0,0,  8.30,17.25,13.31,12.18,17.49,16.02,20.65,18.23,23.45,  0.00
14:21:55.386 , 0,1023,0,  10.71,18.69,12.77,15.21,18.73,15.72,24.54,18.46,22.61,  0.00
14:21:57.435 , 0,0,1023,  8.36,17.60,12.66,13.92,19.22,16.92,23.91,17.71,22.52,  0.00
14:21:59.505 , 0,0,0,  4.80,11.44,9.07,8.02,11.60,11.21,13.73,12.54,15.57,  0.00
14:22:01.538 , 1023,0,0,  6.44,13.82,10.72,10.05,14.22,13.14,17.29,15.28,20.05,  0.00
14:22:03.560 , 0,1023,0,  10.77,18.29,13.19,15.12,18.73,16.46,24.09,19.10,23.72,  0.00
14:22:05.614 , 0,0,1023,  8.51,17.36,13.26,13.82,19.47,17.92,23.67,18.73,23.80,  0.00
14:22:07.680 , 0,0,0,  4.93,11.27,9.76,7.94,11.98,12.10,13.63,13.36,16.57,  0.00
14:22:09.745 , 1023,0,0,  6.57,13.80,11.68,9.98,14.77,14.02,17.38,16.42,20.79,  0.00
14:22:11.774 , 0,1023,0,  10.89,18.36,14.18,15.09,19.60,17.03,24.40,20.32,23.93,  0.00
14:22:13.820 , 0,0,1023,  8.60,17.59,14.14,13.84,20.34,18.38,24.17,20.07,23.78,  0.00
14:22:15.858 , 0,0,0,  4.96,11.65,10.32,8.01,12.82,12.26,14.21,14.86,16.32,  0.00
14:22:17.921 , 1023,0,0,  6.55,14.39,11.98,10.12,15.97,14.05,18.24,18.09,20.31,  0.00
14:22:19.966 , 0,1023,0,  10.95,19.23,14.45,15.22,20.90,16.92,25.49,22.25,23.44,  0.00
14:22:22.001 , 0,0,1023,  8.67,18.50,14.30,14.21,21.91,18.29,25.43,21.65,23.26,  0.00
14:22:24.038 , 0,0,0,  5.02,12.65,10.32,8.27,14.20,12.23,15.33,16.08,16.18,  0.00
14:22:26.121 , 1023,0,0,  6.69,15.58,12.03,10.53,17.23,14.14,19.53,19.08,20.51,  0.00
14:22:28.143 , 0,1023,0,  11.07,20.53,14.51,15.86,22.28,17.30,27.23,22.81,23.94,  0.00
14:22:30.212 , 0,0,1023,  8.85,19.88,14.49,14.93,22.77,18.60,27.27,21.74,23.96,  0.00
14:22:32.241 , 0,0,0,  5.21,13.57,10.51,8.83,14.63,12.79,16.90,15.86,16.88,  0.00
14:22:34.284 , 1023,0,0,  6.98,16.45,12.39,11.23,17.53,14.71,21.36,18.68,20.92,  0.00
14:22:36.365 , 0,1023,0,  11.50,21.16,14.84,16.82,22.30,17.75,29.15,22.27,24.10,  0.00
14:22:38.394 , 0,0,1023,  9.05,20.23,14.84,15.96,22.71,19.03,29.13,21.38,23.84,  0.00
14:22:40.449 , 0,0,0,  5.75,13.86,10.99,9.79,14.56,12.97,18.42,15.70,16.27,  0.00
14:22:42.466 , 1023,0,0,  7.65,16.60,12.65,12.30,17.52,14.57,22.69,18.68,20.02,  0.00
14:22:44.514 , 0,1023,0,  12.25,21.37,14.92,17.97,22.47,17.31,30.33,22.48,22.86,  0.00
14:22:46.606 , 0,0,1023,  10.00,20.41,14.74,16.89,22.97,18.30,29.90,21.62,22.32,  0.00
14:22:48.620 , 0,0,0,  6.38,14.11,10.51,10.51,14.89,11.92,18.53,15.94,14.83,  0.00
14:22:50.661 , 1023,0,0,  8.57,16.83,11.99,12.96,17.88,13.43,22.72,18.80,18.53,  0.00
14:22:52.706 , 0,1023,0,  13.13,21.77,14.16,18.55,22.60,16.08,30.30,22.23,21.15,  0.00
14:22:54.791 , 0,0,1023,  10.56,20.46,13.57,16.94,22.70,16.74,29.27,20.94,20.66,  0.00
14:22:56.808 , 0,0,0,  5.84,12.95,8.83,9.41,13.19,9.90,16.54,13.47,12.45,  0.00
14:22:58.880 , 1023,0,0,  6.84,14.87,9.70,10.75,14.47,10.67,18.54,14.79,15.27,  0.00
14:23:00.921 , 0,1023,0,  10.64,18.18,10.51,15.25,17.10,11.56,25.06,15.67,15.46,  0.00
14:23:02.971 , 0,0,1023,  11.50,20.83,13.28,17.96,22.56,16.44,30.31,20.16,20.27,  0.00
14:23:05.015 , 0,0,0,  7.20,13.44,8.77,10.88,13.33,9.97,18.18,13.25,12.49,  0.00
14:23:07.079 , 1023,0,0,  9.14,15.80,10.32,13.25,15.95,11.61,22.04,15.77,16.54,  0.00
14:23:09.105 , 0,1023,0,  13.94,20.15,12.51,18.68,20.24,14.53,29.13,19.06,19.73,  0.00
14:23:11.172 , 0,0,1023,  11.58,19.06,12.54,17.49,20.56,15.91,28.31,18.13,19.86,  0.00
14:23:13.221 , 0,0,0,  7.62,12.66,9.03,10.86,12.67,10.37,17.33,12.60,13.39,  0.00
14:23:15.243 , 1023,0,0,  9.55,15.17,10.77,13.11,15.49,12.41,21.02,15.35,17.76,  0.00
14:23:17.297 , 0,1023,0,  14.49,19.99,13.23,18.63,20.28,15.58,28.23,19.12,21.39,  0.00
14:23:19.357 , 0,0,1023,  12.15,19.35,13.93,17.62,21.48,17.81,28.11,19.11,22.75,  0.00
14:23:21.408 , 0,0,0,  8.17,13.34,10.49,10.97,13.90,12.49,17.38,14.06,16.36,  0.00
14:23:23.438 , 1023,0,0,  10.20,16.12,12.60,13.39,17.07,14.76,21.33,17.11,21.14,  0.00
14:23:25.520 , 0,1023,0,  15.61,21.71,16.09,19.46,22.86,19.09,29.62,22.35,26.37,  0.00
14:23:27.526 , 0,0,1023,  12.93,21.13,16.63,18.52,24.54,21.49,29.62,22.61,27.60,  0.00
14:23:29.580 , 0,0,0,  7.64,13.47,11.14,10.47,14.25,13.16,16.85,14.96,17.47,  0.00
14:23:31.659 , 1023,0,0,  8.99,15.64,12.36,12.27,16.66,14.39,20.14,17.11,20.80,  0.00
14:23:33.672 , 0,1023,0,  12.78,19.72,13.97,16.86,20.35,16.45,26.30,19.96,22.90,  0.00
14:23:35.728 , 0,0,1023,  9.81,18.29,13.29,15.22,20.52,17.08,25.18,18.86,22.31,  0.00
14:23:37.777 , 0,0,0,  5.79,11.94,9.17,8.65,12.49,10.84,14.49,13.05,14.98,  0.00
14:23:39.826 , 1023,0,0,  7.29,14.36,10.45,10.69,15.07,12.34,17.89,15.64,18.88,  0.00
14:23:41.876 , 0,1023,0,  11.51,18.89,12.47,15.60,19.61,14.86,24.77,19.18,21.94,  0.00
14:23:43.909 , 0,0,1023,  8.94,18.05,12.22,14.38,20.25,16.23,24.13,18.55,22.00,  0.00
14:23:45.970 , 0,0,0,  5.12,11.84,8.45,8.20,12.45,10.40,13.91,13.11,15.17,  0.00
14:23:48.037 , 1023,0,0,  6.71,14.38,9.87,10.29,15.02,12.19,17.54,15.94,19.23,  0.00
14:23:50.090 , 0,1023,0,  10.94,18.94,12.05,15.24,19.55,14.93,24.57,19.52,22.58,  0.00
14:23:52.103 , 0,0,1023,  8.60,17.98,11.85,14.11,20.19,16.30,24.23,19.06,22.43,  0.00
14:23:54.168 , 0,0,0,  4.95,11.79,8.35,8.12,12.44,10.64,14.12,13.52,15.39,  0.00
14:23:56.221 , 1023,0,0,  6.60,14.30,9.94,10.32,15.03,12.43,17.98,16.52,19.41,  0.00
14:23:58.256 , 0,1023,0,  10.90,18.77,12.27,15.36,19.58,15.36,25.12,20.28,22.71,  0.00
14:24:00.316 , 0,0,1023,  8.60,17.79,12.35,14.33,20.24,16.68,25.00,19.86,22.61,  0.00
14:24:02.380 , 0,0,0,  5.05,11.63,8.78,8.38,12.49,10.92,14.77,14.47,15.27,  0.00
14:24:04.407 , 1023,0,0,  6.70,14.15,10.37,10.57,15.18,12.85,18.75,17.44,19.28,  0.00
14:24:06.468 , 0,1023,0,  11.10,18.57,12.80,15.78,19.94,15.70,26.22,21.32,22.55,  0.00
14:24:08.512 , 0,0,1023,  8.82,17.63,12.67,14.75,20.46,16.77,26.18,20.69,22.20,  0.00
14:24:10.536 , 0,0,0,  5.25,11.66,9.18,8.70,12.90,11.26,15.98,15.15,15.42,  0.00
14:24:12.606 , 1023,0,0,  7.05,14.27,10.89,10.96,15.84,13.05,20.10,18.17,19.25,  0.00
14:24:14.696 , 0,1023,0,  11.46,18.79,13.20,16.16,20.36,15.91,27.56,21.82,22.55,  0.00
14:24:16.697 , 0,0,1023,  8.95,17.88,13.15,15.15,21.07,17.03,27.34,21.19,22.14,  0.00
14:24:18.760 , 0,0,0,  5.27,11.77,9.35,8.83,13.25,11.08,16.68,15.19,14.91,  0.00
14:24:20.800 , 1023,0,0,  7.05,14.37,10.96,11.02,16.08,12.92,20.79,18.05,18.84,  0.00
14:24:22.857 , 0,1023,0,  11.33,18.97,13.15,16.24,20.58,15.57,28.18,21.52,21.63,  0.00
14:24:24.906 , 0,0,1023,  8.93,18.20,13.09,15.21,21.35,16.72,27.84,20.83,21.19,  0.00
14:24:26.928 , 0,0,0,  5.29,12.17,9.29,8.99,13.38,10.86,17.30,15.09,14.15,  0.00
14:24:28.979 , 1023,0,0,  6.95,14.85,10.86,11.17,16.19,12.53,21.26,17.76,17.95,  0.00
14:24:31.016 , 0,1023,0,  11.35,19.56,13.14,16.44,21.00,15.16,28.59,21.29,20.79,  0.00
14:24:33.096 , 0,0,1023,  8.89,18.58,12.94,15.27,21.55,16.34,28.07,20.40,20.37,  0.00
14:24:35.134 , 0,0,0,  5.29,12.45,9.05,9.11,13.54,10.22,17.33,14.64,13.17,  0.00
14:24:37.158 , 1023,0,0,  7.01,15.17,10.48,11.37,16.29,11.77,21.30,17.19,16.82,  0.00
14:24:39.232 , 0,1023,0,  11.40,20.05,12.59,16.74,20.98,14.42,28.53,20.88,19.51,  0.00
14:24:41.292 , 0,0,1023,  8.97,19.14,12.39,15.63,21.57,15.42,27.98,20.01,19.05,  0.00
14:24:43.338 , 0,0,0,  5.56,12.97,8.65,9.51,13.63,9.71,17.33,14.20,12.36,  0.00
14:24:45.350 , 1023,0,0,  7.43,15.72,10.13,11.86,16.44,11.25,21.38,16.94,15.88,  0.00
14:24:47.415 , 0,1023,0,  12.11,20.46,12.22,17.25,21.25,13.88,28.80,20.47,18.87,  0.00
14:24:49.478 , 0,0,1023,  9.62,19.80,12.06,16.40,21.86,14.98,28.60,19.80,18.89,  0.00
14:24:51.583 , 0,0,0,  6.32,13.58,8.47,10.27,14.07,9.67,18.00,14.29,12.55,  0.00
14:24:53.545 , 1023,0,0,  8.41,16.43,9.98,12.84,16.95,11.39,22.24,17.03,16.38,  0.00
14:24:55.625 , 0,1023,0,  13.32,21.48,12.60,18.70,22.08,14.72,30.31,21.08,20.52,  0.00
14:24:57.646 , 0,0,1023,  11.38,20.91,12.93,18.10,23.10,16.56,30.37,20.67,21.46,  0.00
14:24:59.694 , 0,0,0,  7.52,14.25,9.05,11.42,14.74,10.82,19.05,14.85,14.83,  0.00
14:25:01.781 , 1023,0,0,  9.68,17.00,10.83,14.02,17.76,13.11,23.26,17.73,19.76,  0.00
14:25:03.810 , 0,1023,0,  14.33,21.56,13.11,19.54,22.27,16.25,30.52,21.21,23.52,  0.00
14:25:05.848 , 0,0,1023,  11.87,20.10,12.85,18.11,22.27,17.46,29.73,19.83,23.26,  0.00
14:25:07.884 , 0,0,0,  7.58,13.39,9.14,11.07,13.66,11.62,18.18,13.71,16.15,  0.00
14:25:09.919 , 1023,0,0,  9.11,15.38,10.62,13.10,15.88,13.26,21.55,15.95,19.84,  0.00
14:25:12.000 , 0,1023,0,  13.76,19.70,13.08,18.36,20.05,16.28,28.12,19.09,22.92,  0.00
14:25:14.054 , 0,0,1023,  10.71,18.17,12.81,16.66,19.94,17.19,27.14,17.76,22.47,  0.00
14:25:16.076 , 0,0,0,  6.57,11.58,9.08,9.80,11.75,11.24,15.95,12.15,15.16,  0.00
14:25:18.134 , 1023,0,0,  8.31,13.73,10.51,11.81,14.12,12.91,19.22,14.67,18.80,  0.00
14:25:20.177 , 0,1023,0,  12.34,17.99,12.96,16.79,18.18,15.72,25.73,18.16,21.55,  0.00
14:25:22.215 , 0,0,1023,  9.72,16.79,13.00,15.33,18.80,16.95,25.08,17.61,21.16,  0.00
14:25:24.260 , 0,0,0,  5.95,10.85,9.39,8.90,11.39,11.16,14.39,12.55,14.09,  0.00
14:25:26.318 , 1023,0,0,  7.56,13.31,11.09,10.93,14.21,12.99,17.82,15.35,17.95,  0.00
14:25:28.376 , 0,1023,0,  11.84,17.82,13.45,15.85,19.00,15.66,24.62,19.10,20.80,  0.00
14:25:30.438 , 0,0,1023,  9.02,17.12,13.41,14.49,19.93,16.74,24.01,18.59,20.54,  0.00
14:25:32.451 , 0,0,0,  5.31,11.31,9.64,8.26,12.40,10.89,13.78,13.31,13.55,  0.00
14:25:34.524 , 1023,0,0,  6.92,14.08,11.16,10.29,15.17,12.56,17.38,16.14,17.19,  0.00
14:25:36.572 , 0,1023,0,  11.07,18.83,13.26,15.20,20.10,15.22,24.21,19.91,20.09,  0.00
14:25:38.634 , 0,0,1023,  8.64,18.17,13.12,13.94,20.82,16.41,23.93,19.15,19.85,  0.00
14:25:40.649 , 0,0,0,  4.92,12.18,9.19,8.01,13.21,10.45,13.95,13.49,13.05,  0.00
14:25:42.693 , 1023,0,0,  6.48,15.02,10.67,10.09,16.09,11.98,17.96,16.15,16.79,  0.00
14:25:44.762 , 0,1023,0,  10.68,19.95,12.80,15.21,20.74,14.67,25.21,19.56,19.70,  0.00
14:25:46.791 , 0,0,1023,  8.34,19.08,12.48,14.21,21.39,15.76,25.12,18.74,19.47,  0.00
14:25:48.836 , 0,0,0,  4.78,12.94,8.78,8.37,13.34,10.09,14.94,13.03,12.74,  0.00
14:25:50.891 , 1023,0,0,  6.48,15.65,10.26,10.71,16.01,11.58,18.93,15.49,16.52,  0.00
14:25:52.948 , 0,1023,0,  10.93,20.22,12.42,16.01,20.31,14.40,26.32,18.99,19.61,  0.00
14:25:54.992 , 0,0,1023,  8.82,19.21,12.38,15.13,20.62,15.57,26.14,18.03,19.65,  0.00
14:25:57.038 , 0,0,0,  5.33,12.77,8.75,9.03,12.59,10.04,15.70,12.55,13.15,  0.00
14:25:59.091 , 1023,0,0,  7.22,15.06,10.31,11.33,15.07,11.65,19.52,15.12,17.13,  0.00
14:26:01.140 , 0,1023,0,  11.78,19.43,12.48,16.76,19.36,14.56,26.47,18.46,20.61,  0.00
14:26:03.173 , 0,0,1023,  9.28,18.26,12.41,15.63,19.86,15.88,25.88,17.71,20.85,  0.00
14:26:05.257 , 0,0,0,  5.94,11.90,8.89,9.45,12.10,10.47,15.15,12.45,14.50,  0.00
14:26:07.267 , 1023,0,0,  7.09,13.64,10.17,10.84,14.04,11.94,17.57,14.55,18.60,  0.00
14:26:09.315 , 0,1023,0,  9.36,16.17,11.11,13.73,16.15,13.28,20.90,16.06,19.97,  0.00
14:26:11.384 , 0,0,1023,  8.77,16.63,12.03,14.17,18.25,15.87,22.83,16.96,21.44,  0.00
14:26:13.447 , 0,0,0,  8.83,15.65,13.09,12.04,16.02,15.51,18.81,17.25,21.12,  0.00
14:26:15.466 , 1023,0,0,  7.91,14.65,11.25,11.23,15.34,13.53,18.49,16.40,20.52,  0.00
14:26:17.531 , 0,1023,0,  12.20,19.27,13.40,16.20,20.14,16.41,25.46,20.47,23.53,  0.00
14:26:19.590 , 0,0,1023,  9.42,18.38,13.21,14.94,20.80,17.50,25.15,20.29,22.95,  0.00
14:26:21.604 , 0,0,0,  5.81,12.40,9.55,8.64,13.31,11.54,14.89,15.20,15.47,  0.00
14:26:23.669 , 1023,0,0,  7.36,15.25,11.11,10.89,16.40,13.17,18.86,18.78,19.13,  0.00
14:26:25.715 , 0,1023,0,  11.62,20.11,13.20,15.98,21.44,15.75,26.15,22.84,21.77,  0.00
14:26:27.777 , 0,0,1023,  8.98,19.33,13.00,14.93,22.37,16.56,25.93,22.26,21.07,  0.00
14:26:29.820 , 0,0,0,  5.33,13.23,9.07,8.76,14.30,10.64,15.69,16.35,13.88,  0.00
14:26:31.857 , 1023,0,0,  7.09,15.98,10.45,11.02,17.31,12.19,19.86,19.17,17.43,  0.00
14:26:33.907 , 0,1023,0,  11.52,20.75,12.61,16.32,22.01,14.74,27.47,22.74,20.17,  0.00
14:26:35.951 , 0,0,1023,  9.00,19.82,12.45,15.31,22.56,15.83,27.55,21.50,19.82,  0.00
14:26:37.992 , 0,0,0,  5.52,13.45,8.85,9.33,14.22,10.10,17.24,15.34,12.98,  0.00
14:26:40.045 , 1023,0,0,  7.65,16.49,10.78,12.13,17.45,12.21,22.20,18.57,17.31,  0.00
14:26:42.085 , 0,1023,0,  11.97,20.35,12.41,17.16,21.28,14.22,29.43,21.02,19.49,  0.00
14:26:44.151 , 0,0,1023,  9.50,19.37,12.43,16.34,21.52,15.45,29.30,19.91,19.38,  0.00
14:26:46.188 , 0,0,0,  6.16,12.88,8.88,10.11,13.31,9.93,18.33,13.94,12.64,  0.00
14:26:48.230 , 1023,0,0,  7.98,15.28,10.40,12.50,15.89,11.56,22.23,16.56,16.43,  0.00
14:26:50.307 , 0,1023,0,  12.48,19.90,12.84,17.97,20.27,14.44,29.43,20.01,19.50,  0.00
14:26:52.319 , 0,0,1023,  10.25,18.70,12.82,16.82,20.64,15.70,28.66,19.09,19.45,  0.00
14:26:54.394 , 0,0,0,  6.44,12.52,9.26,10.29,12.84,10.25,17.55,13.41,13.05,  0.00
14:26:56.454 , 1023,0,0,  8.34,15.07,10.85,12.40,15.46,11.85,21.37,16.07,16.81,  0.00
14:26:58.475 , 0,1023,0,  12.74,19.84,13.15,17.67,20.06,14.72,28.34,19.58,19.83,  0.00
14:27:00.513 , 0,0,1023,  10.20,18.55,12.93,16.24,20.33,15.77,27.64,18.72,19.45,  0.00
14:27:02.562 , 0,0,0,  6.37,12.44,9.12,9.79,12.61,10.14,16.68,13.20,12.68,  0.00
14:27:04.651 , 1023,0,0,  8.07,15.09,10.66,12.01,15.35,11.66,20.50,15.85,16.39,  0.00
14:27:06.678 , 0,1023,0,  12.33,19.92,12.95,17.01,19.96,14.44,27.48,19.23,19.26,  0.00
14:27:08.741 , 0,0,1023,  9.76,18.93,12.84,15.87,20.45,15.56,26.88,18.70,19.01,  0.00
14:27:10.771 , 0,0,0,  6.17,12.72,9.10,9.51,12.71,9.91,16.25,13.17,12.35,  0.00
14:27:12.819 , 1023,0,0,  7.87,15.40,10.59,11.70,15.61,11.47,20.08,15.92,15.75,  0.00
14:27:14.865 , 0,1023,0,  12.20,20.10,12.76,16.86,20.19,13.92,27.07,19.33,18.52,  0.00
14:27:16.918 , 0,0,1023,  9.75,19.14,12.51,15.64,20.63,14.84,26.53,18.73,18.17,  0.00
14:27:18.965 , 0,0,0,  6.22,12.86,8.76,9.35,12.76,9.24,16.00,13.15,11.50,  0.00
14:27:20.993 , 1023,0,0,  7.85,15.41,10.28,11.57,15.57,10.86,19.80,15.84,15.36,  0.00
14:27:23.050 , 0,1023,0,  12.29,20.10,12.36,16.85,20.23,13.37,26.88,19.22,17.79,  0.00
14:27:25.127 , 0,0,1023,  9.90,19.13,12.16,15.66,20.62,14.50,26.41,18.45,17.93,  0.00
14:27:27.161 , 0,0,0,  6.22,12.73,8.21,9.30,12.59,8.80,15.79,12.63,11.00,  0.00
14:27:29.214 , 1023,0,0,  8.00,15.30,9.69,11.54,15.28,10.32,19.69,15.20,14.56,  0.00
14:27:31.259 , 0,1023,0,  12.29,20.01,11.68,16.80,19.62,12.80,26.69,18.47,17.16,  0.00
14:27:33.317 , 0,0,1023,  10.00,18.98,11.64,15.66,20.25,13.97,26.46,17.70,17.56,  0.00
14:27:35.327 , 0,0,0,  6.21,12.50,7.76,9.35,12.18,8.17,15.90,12.08,10.89,  0.00
14:27:37.411 , 1023,0,0,  7.89,15.04,9.24,11.57,14.58,10.14,19.73,14.58,14.67,  0.00
14:27:39.446 , 0,1023,0,  12.28,19.66,11.56,16.84,18.97,12.96,26.85,17.91,17.89,  0.00
14:27:41.487 , 0,0,1023,  9.80,18.40,11.52,15.61,19.35,14.16,26.36,17.03,17.96,  0.00
14:27:43.527 , 0,0,0,  6.20,12.17,7.91,9.35,11.59,8.87,15.75,11.73,11.73,  0.00
14:27:45.586 , 1023,0,0,  7.79,14.57,9.61,11.57,14.17,10.69,19.50,14.23,15.75,  0.00
14:27:47.636 , 0,1023,0,  12.20,18.96,11.83,16.80,18.34,13.52,26.42,17.45,19.09,  0.00
14:27:49.677 , 0,0,1023,  9.74,17.84,11.82,15.51,18.93,14.83,25.90,16.86,19.50,  0.00
14:27:51.741 , 0,0,0,  6.19,11.59,8.27,9.16,11.22,9.52,15.21,11.62,13.16,  0.00
14:27:53.758 , 1023,0,0,  7.84,14.08,10.07,11.26,13.87,11.56,18.80,14.16,17.74,  0.00
14:27:55.805 , 0,1023,0,  12.21,18.42,12.42,16.40,18.16,14.68,25.77,17.65,21.30,  0.00
14:27:57.860 , 0,0,1023,  12.05,20.82,15.93,17.86,22.45,19.84,29.29,20.85,26.02,  0.00
14:27:59.912 , 0,0,0,  6.22,11.70,9.58,9.01,11.73,11.39,15.06,12.33,15.62,  0.00
14:28:01.948 , 1023,0,0,  7.67,14.18,11.32,10.96,14.24,13.22,18.49,15.04,19.80,  0.00
14:28:03.998 , 0,1023,0,  12.09,18.74,13.96,16.01,18.94,16.52,25.44,18.84,23.14,  0.00
14:28:06.078 , 0,0,1023,  9.23,17.98,14.18,14.74,19.71,18.02,25.10,18.43,23.08,  0.00
14:28:08.134 , 0,0,0,  5.61,11.91,10.44,8.56,12.28,12.13,14.72,13.36,15.93,  0.00
14:28:10.159 , 1023,0,0,  7.29,14.57,12.43,10.67,15.12,14.00,18.43,16.71,19.79,  0.00
14:28:12.193 , 0,1023,0,  11.50,19.28,14.96,15.67,20.10,16.90,25.29,20.97,22.60,  0.00
14:28:14.283 , 0,0,1023,  8.88,18.31,14.87,14.38,20.82,18.02,24.89,20.64,21.73,  0.00
14:28:16.329 , 0,0,0,  4.20,11.42,10.21,7.34,12.12,10.86,12.97,14.12,13.18,  0.00
14:28:18.355 , 1023,0,0,  5.32,13.85,11.70,8.72,14.82,12.15,15.62,17.04,16.41,  0.00
14:28:20.387 , 0,1023,0,  8.41,17.55,13.08,12.82,18.37,13.63,21.13,19.82,17.82,  0.00
14:28:22.444 , 0,0,1023,  6.92,17.52,13.06,12.51,20.13,14.72,22.06,19.63,17.44,  0.00
14:28:24.519 , 0,0,0,  3.90,11.87,9.07,7.09,12.64,8.91,12.86,14.18,10.90,  0.00
14:28:26.558 , 1023,0,0,  5.49,14.81,10.34,9.23,15.71,10.25,16.70,16.93,14.08,  0.00
14:28:28.600 , 0,1023,0,  9.58,19.81,12.33,14.33,20.34,12.68,24.08,20.34,16.99,  0.00
14:28:30.631 , 0,0,1023,  7.56,19.06,11.74,13.52,20.95,13.35,24.38,19.12,16.35,  0.00
14:28:32.713 , 0,0,0,  4.24,13.00,7.92,7.81,13.10,7.70,14.75,13.27,10.14,  0.00
14:28:34.721 , 1023,0,0,  6.20,15.80,9.17,10.18,15.79,9.39,18.99,15.45,13.71,  0.00
14:28:36.797 , 0,1023,0,  10.39,20.45,11.14,15.46,20.16,11.79,26.59,18.53,16.46,  0.00
14:28:38.820 , 0,0,1023,  8.34,19.62,10.97,14.76,20.37,13.03,26.76,17.30,16.41,  0.00
14:28:40.869 , 0,0,0,  5.10,13.43,7.46,8.99,12.54,7.71,16.62,11.94,10.44,  0.00
14:28:42.940 , 1023,0,0,  9.11,19.23,11.75,13.77,18.72,12.16,24.92,18.34,17.13,  0.00
14:28:44.998 , 0,1023,0,  11.91,20.52,11.10,17.13,19.28,12.10,28.25,17.42,16.86,  0.00
14:28:47.006 , 0,0,1023,  9.42,19.27,10.88,16.23,19.48,13.14,27.71,16.51,16.57,  0.00
14:28:49.064 , 0,0,0,  6.13,12.73,7.20,9.95,11.52,7.68,16.73,11.15,10.26,  0.00
14:28:51.138 , 1023,0,0,  7.94,15.02,8.75,12.28,13.85,9.33,20.46,13.38,13.58,  0.00
14:28:53.168 , 0,1023,0,  12.44,19.25,10.65,17.53,17.99,11.67,27.09,16.56,16.18,  0.00
14:28:55.219 , 0,0,1023,  10.27,18.02,10.38,16.20,18.15,12.73,26.16,15.67,15.79,  0.00
14:28:57.270 , 0,0,0,  6.41,11.57,6.76,9.73,10.62,7.15,15.04,10.39,9.48,  0.00
14:28:59.332 , 1023,0,0,  8.40,13.80,8.10,11.81,12.91,8.66,18.45,12.70,12.56,  0.00
14:29:01.339 , 0,1023,0,  12.73,18.24,10.10,16.86,17.11,11.06,25.00,15.96,15.37,  0.00
14:29:03.415 , 0,0,1023,  13.54,21.41,13.16,19.33,21.90,15.39,30.33,19.20,18.89,  0.00
14:29:05.448 , 0,0,0,  6.38,10.94,6.16,8.98,9.90,6.62,13.70,9.97,8.85,  0.00
14:29:07.495 , 1023,0,0,  8.05,13.28,7.48,10.89,12.49,7.96,16.91,12.18,12.23,  0.00
14:29:09.552 , 0,1023,0,  12.21,17.53,9.42,15.76,16.68,10.57,23.49,15.19,14.92,  0.00
14:29:11.599 , 0,0,1023,  9.65,16.60,9.17,14.45,17.08,11.55,22.87,14.48,14.84,  0.00
14:29:13.657 , 0,0,0,  5.98,10.59,5.74,8.28,9.54,6.49,13.03,9.26,9.02,  0.00
14:29:15.710 , 1023,0,0,  7.59,12.99,7.13,10.33,12.40,8.12,16.53,11.83,12.78,  0.00
14:29:17.743 , 0,1023,0,  12.07,17.46,9.53,15.42,16.69,11.16,23.27,15.16,16.23,  0.00
14:29:19.813 , 0,0,1023,  9.22,16.44,9.43,14.20,17.04,12.36,22.75,14.40,16.34,  0.00
14:29:21.848 , 0,0,0,  5.62,10.31,5.96,8.14,9.44,7.22,12.83,9.14,10.46,  0.00
14:29:23.882 , 1023,0,0,  7.26,12.37,7.43,10.14,11.91,8.93,16.11,11.64,14.07,  0.00
14:29:25.935 , 0,1023,0,  11.40,16.51,9.43,14.97,15.84,11.54,22.44,14.42,17.09,  0.00
14:29:28.006 , 0,0,1023,  8.70,15.01,9.23,13.54,15.90,12.61,21.57,13.37,16.99,  0.00
14:29:30.027 , 0,0,0,  4.96,8.97,5.87,7.50,8.19,7.27,11.58,8.25,10.65,  0.00
14:29:32.087 , 1023,0,0,  6.42,11.00,7.38,9.27,10.71,9.07,14.72,10.67,14.49,  0.00
14:29:34.138 , 0,1023,0,  10.48,15.01,9.66,13.84,14.46,11.85,20.75,13.68,17.83,  0.00
14:29:36.163 , 0,0,1023,  7.95,13.83,9.67,12.57,14.92,13.21,20.18,13.15,18.13,  0.00
14:29:38.235 , 0,0,0,  4.30,8.12,6.32,6.65,7.76,7.94,10.51,8.20,11.85,  0.00
14:29:40.273 , 1023,0,0,  5.98,10.32,8.22,8.52,10.34,10.15,13.67,10.98,16.18,  0.00
14:29:42.332 , 0,1023,0,  9.58,14.40,10.67,12.97,14.49,13.21,19.69,14.33,19.82,  0.00
14:29:44.373 , 0,0,1023,  7.27,13.57,10.84,11.72,15.16,14.71,19.13,13.94,19.88,  0.00
14:29:46.399 , 0,0,0,  3.81,8.15,7.69,5.93,8.19,9.56,9.94,9.26,13.50,  0.00
14:29:48.446 , 1023,0,0,  5.09,10.50,9.42,7.80,11.00,11.37,13.05,12.25,17.29,  0.00
14:29:50.500 , 0,1023,0,  8.88,14.93,11.79,12.26,15.56,14.30,19.12,16.05,20.42,  0.00
14:29:52.567 , 0,0,1023,  6.36,14.14,11.78,11.03,16.28,15.27,18.73,15.95,19.84,  0.00
14:29:54.613 , 0,0,0,  3.23,8.77,8.38,5.59,9.43,9.72,9.91,11.42,12.85,  0.00
14:29:56.642 , 1023,0,0,  4.41,11.48,10.02,7.54,12.52,11.34,13.21,14.51,16.33,  0.00
14:29:58.697 , 0,1023,0,  8.26,16.19,12.34,12.15,17.29,13.92,19.82,18.62,19.00,  0.00
14:30:00.768 , 0,0,1023,  6.18,15.74,12.28,11.08,18.28,14.94,19.76,18.26,18.86,  0.00
14:30:02.786 , 0,0,0,  3.05,10.28,8.54,5.73,11.31,9.31,10.87,13.16,12.02,  0.00
14:30:04.844 , 1023,0,0,  4.35,13.14,9.97,7.95,14.25,10.81,14.74,16.01,15.53,  0.00
14:30:06.913 , 0,1023,0,  8.33,18.02,11.98,12.81,19.10,13.27,21.82,19.44,18.40,  0.00
14:30:08.957 , 0,0,1023,  6.34,17.38,11.68,12.06,19.87,14.26,22.22,18.62,17.86,  0.00
14:30:10.986 , 0,0,0,  3.32,11.58,7.97,6.71,12.30,8.84,13.10,13.04,11.34,  0.00
14:30:13.029 , 1023,0,0,  5.07,14.37,9.58,9.10,14.99,10.55,17.47,15.66,15.30,  0.00
14:30:15.075 , 0,1023,0,  9.11,19.08,11.70,14.44,19.62,13.19,25.13,19.09,18.35,  0.00
14:30:17.156 , 0,0,1023,  7.52,18.31,11.73,13.85,20.31,14.71,25.49,18.33,18.76,  0.00
14:30:19.202 , 0,0,0,  4.51,12.49,8.47,8.57,12.79,9.60,15.88,13.21,12.78,  0.00
14:30:21.217 , 1023,0,0,  6.69,15.31,10.33,11.22,15.87,11.64,20.36,16.15,17.28,  0.00
14:30:23.264 , 0,1023,0,  11.65,20.07,12.69,16.87,20.34,14.74,27.67,19.89,20.83,  0.00
14:30:25.343 , 0,0,1023,  9.24,18.99,12.85,16.01,21.04,16.34,27.33,19.09,21.04,  0.00
14:30:27.396 , 0,0,0,  5.94,12.37,9.04,9.66,12.75,10.38,16.35,13.26,13.89,  0.00
14:30:29.405 , 1023,0,0,  7.60,14.60,10.28,11.74,15.05,11.59,19.85,15.45,17.12,  0.00
14:30:31.492 , 0,1023,0,  12.12,19.04,12.52,16.90,19.50,14.42,26.67,19.00,20.16,  0.00
14:30:33.511 , 0,0,1023,  9.80,18.21,12.57,15.93,20.28,15.75,26.31,18.29,20.21,  0.00
14:30:35.576 , 0,0,0,  6.11,11.69,8.65,9.31,12.14,9.75,15.19,12.54,12.91,  0.00
14:30:37.615 , 1023,0,0,  7.50,13.72,9.73,11.01,14.16,10.78,18.30,14.55,15.58,  0.00
14:30:39.667 , 0,1023,0,  11.54,17.92,11.64,15.75,18.09,13.03,24.45,17.39,17.87,  0.00
14:30:41.716 , 0,0,1023,  8.88,16.68,11.23,14.25,18.19,13.70,23.46,16.47,17.11,  0.00
14:30:43.824 , 0,0,0,  5.04,10.64,7.37,8.03,10.73,7.84,13.14,11.07,10.43,  0.00
14:30:45.812 , 1023,0,0,  6.45,12.87,8.71,9.74,13.05,9.31,16.48,13.30,13.51,  0.00
14:30:47.860 , 0,1023,0,  10.36,17.11,10.37,14.44,17.07,11.45,22.72,16.21,15.74,  0.00
14:30:49.902 , 0,0,1023,  7.79,16.21,10.31,13.10,17.51,12.51,22.04,15.27,15.62,  0.00
14:30:51.937 , 0,0,0,  4.21,10.22,6.63,7.21,9.80,7.05,12.12,10.07,9.41,  0.00
14:30:54.008 , 1023,0,0,  5.75,12.47,8.01,9.07,12.41,8.58,15.46,12.25,12.58,  0.00
14:30:56.026 , 0,1023,0,  9.42,16.71,9.92,13.70,16.23,10.91,21.79,15.14,15.26,  0.00
14:30:58.087 , 0,0,1023,  7.23,15.72,9.71,12.55,16.56,11.78,21.32,14.18,14.91,  0.00
14:31:00.156 , 0,0,0,  3.88,9.76,6.10,6.79,9.08,6.61,11.59,8.90,8.84,  0.00
14:31:02.178 , 1023,0,0,  5.34,12.12,7.56,8.65,11.58,7.95,14.85,11.29,12.21,  0.00
14:31:04.230 , 0,1023,0,  9.11,16.34,9.46,13.41,15.51,10.50,21.28,14.16,14.79,  0.00
14:31:06.288 , 0,0,1023,  6.87,15.14,9.16,12.27,15.89,11.42,20.68,13.30,14.58,  0.00
14:31:08.315 , 0,0,0,  3.67,9.32,5.66,6.60,8.34,6.17,11.12,8.17,8.58,  0.00
14:31:10.403 , 1023,0,0,  5.12,11.51,6.78,8.51,10.84,7.38,14.30,10.40,11.62,  0.00
14:31:12.414 , 0,1023,0,  8.99,15.62,8.79,13.11,14.61,9.97,20.52,13.37,14.13,  0.00
14:31:14.483 , 0,0,1023,  6.66,14.50,8.44,12.06,14.86,10.73,20.09,12.56,13.76,  0.00
14:31:16.515 , 0,0,0,  3.56,8.76,5.08,6.41,7.77,5.67,10.59,7.66,7.90,  0.00
14:31:18.561 , 1023,0,0,  5.11,11.02,6.35,8.23,10.09,7.06,13.70,10.23,11.09,  0.00
14:31:20.631 , 0,1023,0,  8.97,15.05,8.29,12.82,14.19,9.53,19.71,13.12,13.53,  0.00
14:31:22.684 , 0,0,1023,  6.64,14.10,8.07,11.65,14.46,10.39,19.19,12.43,13.17,  0.00
14:31:24.727 , 0,0,0,  3.44,8.40,4.87,5.92,7.49,5.43,9.99,7.52,7.42,  0.00
14:31:26.777 , 1023,0,0,  4.87,10.50,5.92,7.87,9.58,6.56,13.09,9.86,10.18,  0.00
14:31:28.821 , 0,1023,0,  8.77,14.41,7.90,12.29,13.62,8.87,18.95,12.65,12.48,  0.00
14:31:30.853 , 0,0,1023,  6.37,13.51,7.71,11.10,14.09,9.80,18.46,11.92,12.31,  0.00
14:31:32.892 , 0,0,0,  3.26,7.82,4.49,5.60,7.08,4.84,9.42,7.07,6.58,  0.00
14:31:34.951 , 1023,0,0,  4.57,9.89,5.59,7.52,9.26,6.01,12.44,8.93,9.41,  0.00
14:31:37.020 , 0,1023,0,  8.29,13.84,7.33,11.84,13.20,8.09,18.43,11.89,11.70,  0.00
14:31:39.066 , 0,0,1023,  6.21,12.91,7.10,10.71,13.41,9.07,17.92,11.10,11.39,  0.00
14:31:41.101 , 0,0,0,  3.02,7.48,4.22,5.26,6.77,4.45,9.07,6.50,5.94,  0.00
14:31:43.131 , 1023,0,0,  4.21,9.57,5.32,7.14,8.77,5.62,12.16,8.38,8.88,  0.00
14:31:45.213 , 0,1023,0,  7.92,13.54,6.95,11.51,12.68,7.70,18.17,11.30,11.21,  0.00
14:31:47.236 , 0,0,1023,  5.83,12.48,6.84,10.43,13.08,8.76,17.63,10.42,11.08,  0.00